Label,Round,Method,Noise Scale,Accuracy,Loss,MSE,PSNR,SSIM,Seed
0,50,loss,0.0,92.0,0.0437649644957039,3990.1830213864864,12.1208754454074,0.334483417003808,15
0,50,naive,0.0,92.0,0.8852831456224957,7180.782951783121,9.569085610405445,0.160165634527201,15
0,50,loss,0.01,92.0,0.0437649644957039,3990.1830213864864,12.1208754454074,0.334483417003808,15
0,50,naive,0.01,92.0,0.8852831456224957,7180.782951783121,9.569085610405445,0.160165634527201,15
0,50,loss,0.02,96.0,0.0437649644957039,3990.1830213864864,12.1208754454074,0.334483417003808,15
0,50,naive,0.02,96.0,0.8852831456224957,7180.782951783121,9.569085610405445,0.160165634527201,15
0,50,loss,0.03,98.0,0.0437649644957039,3990.1830213864864,12.1208754454074,0.334483417003808,15
0,50,naive,0.03,98.0,0.8852831456224957,7180.782951783121,9.569085610405445,0.160165634527201,15
0,50,loss,0.04,96.0,0.0437649644957039,3990.1830213864864,12.1208754454074,0.334483417003808,15
0,50,naive,0.04,96.0,0.8852831456224957,7180.782951783121,9.569085610405445,0.160165634527201,15
0,50,loss,0.05,90.0,0.0437649644957039,3990.1830213864864,12.1208754454074,0.334483417003808,15
0,50,naive,0.05,90.0,0.8852831456224957,7180.782951783121,9.569085610405445,0.160165634527201,15
0,50,loss,0.06,90.0,0.0437649644957039,3990.1830213864864,12.1208754454074,0.334483417003808,15
0,50,naive,0.06,90.0,0.8852831456224957,7180.782951783121,9.569085610405445,0.160165634527201,15
0,50,loss,0.07,84.0,0.0437649644957039,3990.1830213864864,12.1208754454074,0.334483417003808,15
0,50,naive,0.07,84.0,0.8852831456224957,7180.782951783121,9.569085610405445,0.160165634527201,15
0,50,loss,0.08,90.0,0.0437649644957039,3990.1830213864864,12.1208754454074,0.334483417003808,15
0,50,naive,0.08,90.0,0.8852831456224957,7180.782951783121,9.569085610405445,0.160165634527201,15
0,50,loss,0.09,88.0,0.0437649644957039,3990.1830213864864,12.1208754454074,0.334483417003808,15
0,50,naive,0.09,88.0,0.8852831456224957,7180.782951783121,9.569085610405445,0.160165634527201,15
0,50,loss,0.1,82.0,0.0437649644957039,3990.1830213864864,12.1208754454074,0.334483417003808,15
0,50,naive,0.1,82.0,0.8852831456224957,7180.782951783121,9.569085610405445,0.160165634527201,15
0,50,loss,0.0,98.0,0.0323110495535841,4451.454471919545,11.645784249608097,0.2671158590399404,16
0,50,naive,0.0,98.0,0.9560423737759716,8906.470349615494,8.633747344283389,0.1818332196151406,16
0,50,loss,0.01,98.0,0.0323110495535841,4451.454471919545,11.645784249608097,0.2671158590399404,16
0,50,naive,0.01,98.0,0.9560423737759716,8906.470349615494,8.633747344283389,0.1818332196151406,16
0,50,loss,0.02,96.0,0.0323110495535841,4451.454471919545,11.645784249608097,0.2671158590399404,16
0,50,naive,0.02,96.0,0.9560423737759716,8906.470349615494,8.633747344283389,0.1818332196151406,16
0,50,loss,0.03,90.0,0.0323110495535841,4451.454471919545,11.645784249608097,0.2671158590399404,16
0,50,naive,0.03,90.0,0.9560423737759716,8906.470349615494,8.633747344283389,0.1818332196151406,16
0,50,loss,0.04,96.0,0.0323110495535841,4451.454471919545,11.645784249608097,0.2671158590399404,16
0,50,naive,0.04,96.0,0.9560423737759716,8906.470349615494,8.633747344283389,0.1818332196151406,16
0,50,loss,0.05,88.0,0.0323110495535841,4451.454471919545,11.645784249608097,0.2671158590399404,16
0,50,naive,0.05,88.0,0.9560423737759716,8906.470349615494,8.633747344283389,0.1818332196151406,16
0,50,loss,0.06,96.0,0.0323110495535841,4451.454471919545,11.645784249608097,0.2671158590399404,16
0,50,naive,0.06,96.0,0.9560423737759716,8906.470349615494,8.633747344283389,0.1818332196151406,16
0,50,loss,0.07,90.0,0.0323110495535841,4451.454471919545,11.645784249608097,0.2671158590399404,16
0,50,naive,0.07,90.0,0.9560423737759716,8906.470349615494,8.633747344283389,0.1818332196151406,16
0,50,loss,0.08,80.0,0.0323110495535841,4451.454471919545,11.645784249608097,0.2671158590399404,16
0,50,naive,0.08,80.0,0.9560423737759716,8906.470349615494,8.633747344283389,0.1818332196151406,16
0,50,loss,0.09,94.0,0.0323110495535841,4451.454471919545,11.645784249608097,0.2671158590399404,16
0,50,naive,0.09,94.0,0.9560423737759716,8906.470349615494,8.633747344283389,0.1818332196151406,16
0,50,loss,0.1,96.0,0.0323110495535841,4451.454471919545,11.645784249608097,0.2671158590399404,16
0,50,naive,0.1,96.0,0.9560423737759716,8906.470349615494,8.633747344283389,0.1818332196151406,16
0,50,loss,0.0,94.0,0.0820283239222317,3872.557082370032,12.25082532790286,0.349725275350727,17
0,50,naive,0.0,94.0,0.8437976440753421,7218.318880710701,9.546442970715445,0.1757541962509133,17
0,50,loss,0.01,96.0,0.0820283239222317,3872.557082370032,12.25082532790286,0.349725275350727,17
0,50,naive,0.01,96.0,0.8437976440753421,7218.318880710701,9.546442970715445,0.1757541962509133,17
0,50,loss,0.02,96.0,0.0820283239222317,3872.557082370032,12.25082532790286,0.349725275350727,17
0,50,naive,0.02,96.0,0.8437976440753421,7218.318880710701,9.546442970715445,0.1757541962509133,17
0,50,loss,0.03,94.0,0.0820283239222317,3872.557082370032,12.25082532790286,0.349725275350727,17
0,50,naive,0.03,94.0,0.8437976440753421,7218.318880710701,9.546442970715445,0.1757541962509133,17
0,50,loss,0.04,96.0,0.0820283239222317,3872.557082370032,12.25082532790286,0.349725275350727,17
0,50,naive,0.04,96.0,0.8437976440753421,7218.318880710701,9.546442970715445,0.1757541962509133,17
0,50,loss,0.05,88.0,0.0820283239222317,3872.557082370032,12.25082532790286,0.349725275350727,17
0,50,naive,0.05,88.0,0.8437976440753421,7218.318880710701,9.546442970715445,0.1757541962509133,17
0,50,loss,0.06,78.0,0.0820283239222317,3872.557082370032,12.25082532790286,0.349725275350727,17
0,50,naive,0.06,78.0,0.8437976440753421,7218.318880710701,9.546442970715445,0.1757541962509133,17
0,50,loss,0.07,94.0,0.0820283239222317,3872.557082370032,12.25082532790286,0.349725275350727,17
0,50,naive,0.07,94.0,0.8437976440753421,7218.318880710701,9.546442970715445,0.1757541962509133,17
0,50,loss,0.08,78.0,0.0820283239222317,3872.557082370032,12.25082532790286,0.349725275350727,17
0,50,naive,0.08,78.0,0.8437976440753421,7218.318880710701,9.546442970715445,0.1757541962509133,17
0,50,loss,0.09,86.0,0.0820283239222317,3872.557082370032,12.25082532790286,0.349725275350727,17
0,50,naive,0.09,86.0,0.8437976440753421,7218.318880710701,9.546442970715445,0.1757541962509133,17
0,50,loss,0.1,82.0,0.0820283239222317,3872.557082370032,12.25082532790286,0.349725275350727,17
0,50,naive,0.1,82.0,0.8437976440753421,7218.318880710701,9.546442970715445,0.1757541962509133,17
0,50,loss,0.0,98.0,0.0244651296958426,3429.623914655399,12.77833862033556,0.2849106065959913,19
0,50,naive,0.0,98.0,0.9638447148989584,6751.094899230537,9.837061480172196,0.1743515736071753,19
0,50,loss,0.01,98.0,0.0244651296958426,3429.623914655399,12.77833862033556,0.2849106065959913,19
0,50,naive,0.01,98.0,0.9638447148989584,6751.094899230537,9.837061480172196,0.1743515736071753,19
0,50,loss,0.02,98.0,0.0244651296958426,3429.623914655399,12.77833862033556,0.2849106065959913,19
0,50,naive,0.02,98.0,0.9638447148989584,6751.094899230537,9.837061480172196,0.1743515736071753,19
0,50,loss,0.03,96.0,0.0244651296958426,3429.623914655399,12.77833862033556,0.2849106065959913,19
0,50,naive,0.03,96.0,0.9638447148989584,6751.094899230537,9.837061480172196,0.1743515736071753,19
0,50,loss,0.04,88.0,0.0244651296958426,3429.623914655399,12.77833862033556,0.2849106065959913,19
0,50,naive,0.04,88.0,0.9638447148989584,6751.094899230537,9.837061480172196,0.1743515736071753,19
0,50,loss,0.05,94.0,0.0244651296958426,3429.623914655399,12.77833862033556,0.2849106065959913,19
0,50,naive,0.05,94.0,0.9638447148989584,6751.094899230537,9.837061480172196,0.1743515736071753,19
0,50,loss,0.06,98.0,0.0244651296958426,3429.623914655399,12.77833862033556,0.2849106065959913,19
0,50,naive,0.06,98.0,0.9638447148989584,6751.094899230537,9.837061480172196,0.1743515736071753,19
0,50,loss,0.07,90.0,0.0244651296958426,3429.623914655399,12.77833862033556,0.2849106065959913,19
0,50,naive,0.07,90.0,0.9638447148989584,6751.094899230537,9.837061480172196,0.1743515736071753,19
0,50,loss,0.08,80.0,0.0244651296958426,3429.623914655399,12.77833862033556,0.2849106065959913,19
0,50,naive,0.08,80.0,0.9638447148989584,6751.094899230537,9.837061480172196,0.1743515736071753,19
0,50,loss,0.09,82.0,0.0244651296958426,3429.623914655399,12.77833862033556,0.2849106065959913,19
0,50,naive,0.09,82.0,0.9638447148989584,6751.094899230537,9.837061480172196,0.1743515736071753,19
0,50,loss,0.1,84.0,0.0244651296958426,3429.623914655399,12.77833862033556,0.2849106065959913,19
0,50,naive,0.1,84.0,0.9638447148989584,6751.094899230537,9.837061480172196,0.1743515736071753,19
0,50,loss,0.0,90.0,0.0342563301011553,6455.0637012102015,10.031798284486513,0.2122344242607313,21
0,50,naive,0.0,90.0,0.928102578913764,8860.35304410928,8.65629334008643,0.1148204645917515,21
0,50,loss,0.01,92.0,0.0342563301011553,6455.0637012102015,10.031798284486513,0.2122344242607313,21
0,50,naive,0.01,92.0,0.928102578913764,8860.35304410928,8.65629334008643,0.1148204645917515,21
0,50,loss,0.02,94.0,0.0342563301011553,6455.0637012102015,10.031798284486513,0.2122344242607313,21
0,50,naive,0.02,94.0,0.928102578913764,8860.35304410928,8.65629334008643,0.1148204645917515,21
0,50,loss,0.03,90.0,0.0342563301011553,6455.0637012102015,10.031798284486513,0.2122344242607313,21
0,50,naive,0.03,90.0,0.928102578913764,8860.35304410928,8.65629334008643,0.1148204645917515,21
0,50,loss,0.04,98.0,0.0342563301011553,6455.0637012102015,10.031798284486513,0.2122344242607313,21
0,50,naive,0.04,98.0,0.928102578913764,8860.35304410928,8.65629334008643,0.1148204645917515,21
0,50,loss,0.05,98.0,0.0342563301011553,6455.0637012102015,10.031798284486513,0.2122344242607313,21
0,50,naive,0.05,98.0,0.928102578913764,8860.35304410928,8.65629334008643,0.1148204645917515,21
0,50,loss,0.06,98.0,0.0342563301011553,6455.0637012102015,10.031798284486513,0.2122344242607313,21
0,50,naive,0.06,98.0,0.928102578913764,8860.35304410928,8.65629334008643,0.1148204645917515,21
0,50,loss,0.07,88.0,0.0342563301011553,6455.0637012102015,10.031798284486513,0.2122344242607313,21
0,50,naive,0.07,88.0,0.928102578913764,8860.35304410928,8.65629334008643,0.1148204645917515,21
0,50,loss,0.08,86.0,0.0342563301011553,6455.0637012102015,10.031798284486513,0.2122344242607313,21
0,50,naive,0.08,86.0,0.928102578913764,8860.35304410928,8.65629334008643,0.1148204645917515,21
0,50,loss,0.09,84.0,0.0342563301011553,6455.0637012102015,10.031798284486513,0.2122344242607313,21
0,50,naive,0.09,84.0,0.928102578913764,8860.35304410928,8.65629334008643,0.1148204645917515,21
0,50,loss,0.1,82.0,0.0342563301011553,6455.0637012102015,10.031798284486513,0.2122344242607313,21
0,50,naive,0.1,82.0,0.928102578913764,8860.35304410928,8.65629334008643,0.1148204645917515,21
0,50,loss,0.0,94.0,0.0497886352243438,6051.314039694571,10.31230669153885,0.333071684326669,22
0,50,naive,0.0,94.0,0.9390927912537694,6317.1432663165815,10.125596345093683,0.1677864536417584,22
0,50,loss,0.01,92.0,0.0497886352243438,6051.314039694571,10.31230669153885,0.333071684326669,22
0,50,naive,0.01,92.0,0.9390927912537694,6317.1432663165815,10.125596345093683,0.1677864536417584,22
0,50,loss,0.02,92.0,0.0497886352243438,6051.314039694571,10.31230669153885,0.333071684326669,22
0,50,naive,0.02,92.0,0.9390927912537694,6317.1432663165815,10.125596345093683,0.1677864536417584,22
0,50,loss,0.03,94.0,0.0497886352243438,6051.314039694571,10.31230669153885,0.333071684326669,22
0,50,naive,0.03,94.0,0.9390927912537694,6317.1432663165815,10.125596345093683,0.1677864536417584,22
0,50,loss,0.04,94.0,0.0497886352243438,6051.314039694571,10.31230669153885,0.333071684326669,22
0,50,naive,0.04,94.0,0.9390927912537694,6317.1432663165815,10.125596345093683,0.1677864536417584,22
0,50,loss,0.05,86.0,0.0497886352243438,6051.314039694571,10.31230669153885,0.333071684326669,22
0,50,naive,0.05,86.0,0.9390927912537694,6317.1432663165815,10.125596345093683,0.1677864536417584,22
0,50,loss,0.06,98.0,0.0497886352243438,6051.314039694571,10.31230669153885,0.333071684326669,22
0,50,naive,0.06,98.0,0.9390927912537694,6317.1432663165815,10.125596345093683,0.1677864536417584,22
0,50,loss,0.07,90.0,0.0497886352243438,6051.314039694571,10.31230669153885,0.333071684326669,22
0,50,naive,0.07,90.0,0.9390927912537694,6317.1432663165815,10.125596345093683,0.1677864536417584,22
0,50,loss,0.08,84.0,0.0497886352243438,6051.314039694571,10.31230669153885,0.333071684326669,22
0,50,naive,0.08,84.0,0.9390927912537694,6317.1432663165815,10.125596345093683,0.1677864536417584,22
0,50,loss,0.09,88.0,0.0497886352243438,6051.314039694571,10.31230669153885,0.333071684326669,22
0,50,naive,0.09,88.0,0.9390927912537694,6317.1432663165815,10.125596345093683,0.1677864536417584,22
0,50,loss,0.1,82.0,0.0497886352243438,6051.314039694571,10.31230669153885,0.333071684326669,22
0,50,naive,0.1,82.0,0.9390927912537694,6317.1432663165815,10.125596345093683,0.1677864536417584,22
0,50,loss,0.0,92.0,0.0299867403811946,4843.36278714049,11.279333602185895,0.3278159648364455,23
0,50,naive,0.0,92.0,0.9745049081207487,8582.349723330262,8.794741531860632,0.2393054656387881,23
0,50,loss,0.01,96.0,0.0299867403811946,4843.36278714049,11.279333602185895,0.3278159648364455,23
0,50,naive,0.01,96.0,0.9745049081207487,8582.349723330262,8.794741531860632,0.2393054656387881,23
0,50,loss,0.02,100.0,0.0299867403811946,4843.36278714049,11.279333602185895,0.3278159648364455,23
0,50,naive,0.02,100.0,0.9745049081207487,8582.349723330262,8.794741531860632,0.2393054656387881,23
0,50,loss,0.03,96.0,0.0299867403811946,4843.36278714049,11.279333602185895,0.3278159648364455,23
0,50,naive,0.03,96.0,0.9745049081207487,8582.349723330262,8.794741531860632,0.2393054656387881,23
0,50,loss,0.04,98.0,0.0299867403811946,4843.36278714049,11.279333602185895,0.3278159648364455,23
0,50,naive,0.04,98.0,0.9745049081207487,8582.349723330262,8.794741531860632,0.2393054656387881,23
0,50,loss,0.05,86.0,0.0299867403811946,4843.36278714049,11.279333602185895,0.3278159648364455,23
0,50,naive,0.05,86.0,0.9745049081207487,8582.349723330262,8.794741531860632,0.2393054656387881,23
0,50,loss,0.06,94.0,0.0299867403811946,4843.36278714049,11.279333602185895,0.3278159648364455,23
0,50,naive,0.06,94.0,0.9745049081207487,8582.349723330262,8.794741531860632,0.2393054656387881,23
0,50,loss,0.07,84.0,0.0299867403811946,4843.36278714049,11.279333602185895,0.3278159648364455,23
0,50,naive,0.07,84.0,0.9745049081207487,8582.349723330262,8.794741531860632,0.2393054656387881,23
0,50,loss,0.08,88.0,0.0299867403811946,4843.36278714049,11.279333602185895,0.3278159648364455,23
0,50,naive,0.08,88.0,0.9745049081207487,8582.349723330262,8.794741531860632,0.2393054656387881,23
0,50,loss,0.09,86.0,0.0299867403811946,4843.36278714049,11.279333602185895,0.3278159648364455,23
0,50,naive,0.09,86.0,0.9745049081207487,8582.349723330262,8.794741531860632,0.2393054656387881,23
0,50,loss,0.1,88.0,0.0299867403811946,4843.36278714049,11.279333602185895,0.3278159648364455,23
0,50,naive,0.1,88.0,0.9745049081207487,8582.349723330262,8.794741531860632,0.2393054656387881,23
0,50,loss,0.0,86.0,0.0539385341474628,7048.259150222989,9.64998497041284,0.251605712823812,24
0,50,naive,0.0,86.0,0.7613702818015978,7412.064929633258,9.431411457879788,0.1055443918168223,24
0,50,loss,0.01,94.0,0.0539385341474628,7048.259150222989,9.64998497041284,0.251605712823812,24
0,50,naive,0.01,94.0,0.7613702818015978,7412.064929633258,9.431411457879788,0.1055443918168223,24
0,50,loss,0.02,96.0,0.0539385341474628,7048.259150222989,9.64998497041284,0.251605712823812,24
0,50,naive,0.02,96.0,0.7613702818015978,7412.064929633258,9.431411457879788,0.1055443918168223,24
0,50,loss,0.03,90.0,0.0539385341474628,7048.259150222989,9.64998497041284,0.251605712823812,24
0,50,naive,0.03,90.0,0.7613702818015978,7412.064929633258,9.431411457879788,0.1055443918168223,24
0,50,loss,0.04,92.0,0.0539385341474628,7048.259150222989,9.64998497041284,0.251605712823812,24
0,50,naive,0.04,92.0,0.7613702818015978,7412.064929633258,9.431411457879788,0.1055443918168223,24
0,50,loss,0.05,98.0,0.0539385341474628,7048.259150222989,9.64998497041284,0.251605712823812,24
0,50,naive,0.05,98.0,0.7613702818015978,7412.064929633258,9.431411457879788,0.1055443918168223,24
0,50,loss,0.06,98.0,0.0539385341474628,7048.259150222989,9.64998497041284,0.251605712823812,24
0,50,naive,0.06,98.0,0.7613702818015978,7412.064929633258,9.431411457879788,0.1055443918168223,24
0,50,loss,0.07,94.0,0.0539385341474628,7048.259150222989,9.64998497041284,0.251605712823812,24
0,50,naive,0.07,94.0,0.7613702818015978,7412.064929633258,9.431411457879788,0.1055443918168223,24
0,50,loss,0.08,88.0,0.0539385341474628,7048.259150222989,9.64998497041284,0.251605712823812,24
0,50,naive,0.08,88.0,0.7613702818015978,7412.064929633258,9.431411457879788,0.1055443918168223,24
0,50,loss,0.09,82.0,0.0539385341474628,7048.259150222989,9.64998497041284,0.251605712823812,24
0,50,naive,0.09,82.0,0.7613702818015978,7412.064929633258,9.431411457879788,0.1055443918168223,24
0,50,loss,0.1,84.0,0.0539385341474628,7048.259150222989,9.64998497041284,0.251605712823812,24
0,50,naive,0.1,84.0,0.7613702818015978,7412.064929633258,9.431411457879788,0.1055443918168223,24
0,50,loss,0.0,94.0,0.0231679195386969,4626.853995156645,11.477945657333164,0.2114105802441658,25
0,50,naive,0.0,94.0,0.982225132311766,7229.79417441965,9.539544273612329,0.1309912861561277,25
0,50,loss,0.01,92.0,0.0231679195386969,4626.853995156645,11.477945657333164,0.2114105802441658,25
0,50,naive,0.01,92.0,0.982225132311766,7229.79417441965,9.539544273612329,0.1309912861561277,25
0,50,loss,0.02,92.0,0.0231679195386969,4626.853995156645,11.477945657333164,0.2114105802441658,25
0,50,naive,0.02,92.0,0.982225132311766,7229.79417441965,9.539544273612329,0.1309912861561277,25
0,50,loss,0.03,96.0,0.0231679195386969,4626.853995156645,11.477945657333164,0.2114105802441658,25
0,50,naive,0.03,96.0,0.982225132311766,7229.79417441965,9.539544273612329,0.1309912861561277,25
0,50,loss,0.04,98.0,0.0231679195386969,4626.853995156645,11.477945657333164,0.2114105802441658,25
0,50,naive,0.04,98.0,0.982225132311766,7229.79417441965,9.539544273612329,0.1309912861561277,25
0,50,loss,0.05,92.0,0.0231679195386969,4626.853995156645,11.477945657333164,0.2114105802441658,25
0,50,naive,0.05,92.0,0.982225132311766,7229.79417441965,9.539544273612329,0.1309912861561277,25
0,50,loss,0.06,92.0,0.0231679195386969,4626.853995156645,11.477945657333164,0.2114105802441658,25
0,50,naive,0.06,92.0,0.982225132311766,7229.79417441965,9.539544273612329,0.1309912861561277,25
0,50,loss,0.07,86.0,0.0231679195386969,4626.853995156645,11.477945657333164,0.2114105802441658,25
0,50,naive,0.07,86.0,0.982225132311766,7229.79417441965,9.539544273612329,0.1309912861561277,25
0,50,loss,0.08,80.0,0.0231679195386969,4626.853995156645,11.477945657333164,0.2114105802441658,25
0,50,naive,0.08,80.0,0.982225132311766,7229.79417441965,9.539544273612329,0.1309912861561277,25
0,50,loss,0.09,82.0,0.0231679195386969,4626.853995156645,11.477945657333164,0.2114105802441658,25
0,50,naive,0.09,82.0,0.982225132311766,7229.79417441965,9.539544273612329,0.1309912861561277,25
0,50,loss,0.1,76.0,0.0231679195386969,4626.853995156645,11.477945657333164,0.2114105802441658,25
0,50,naive,0.1,76.0,0.982225132311766,7229.79417441965,9.539544273612329,0.1309912861561277,25
0,50,loss,0.0,94.0,0.0332286840321995,5806.688165841922,10.4915185694419,0.2834870337524141,27
0,50,naive,0.0,94.0,0.9440597224135792,8016.2410865099555,9.09109590846927,0.1977076072808582,27
0,50,loss,0.01,88.0,0.0332286840321995,5806.688165841922,10.4915185694419,0.2834870337524141,27
0,50,naive,0.01,88.0,0.9440597224135792,8016.2410865099555,9.09109590846927,0.1977076072808582,27
0,50,loss,0.02,96.0,0.0332286840321995,5806.688165841922,10.4915185694419,0.2834870337524141,27
0,50,naive,0.02,96.0,0.9440597224135792,8016.2410865099555,9.09109590846927,0.1977076072808582,27
0,50,loss,0.03,96.0,0.0332286840321995,5806.688165841922,10.4915185694419,0.2834870337524141,27
0,50,naive,0.03,96.0,0.9440597224135792,8016.2410865099555,9.09109590846927,0.1977076072808582,27
0,50,loss,0.04,92.0,0.0332286840321995,5806.688165841922,10.4915185694419,0.2834870337524141,27
0,50,naive,0.04,92.0,0.9440597224135792,8016.2410865099555,9.09109590846927,0.1977076072808582,27
0,50,loss,0.05,86.0,0.0332286840321995,5806.688165841922,10.4915185694419,0.2834870337524141,27
0,50,naive,0.05,86.0,0.9440597224135792,8016.2410865099555,9.09109590846927,0.1977076072808582,27
0,50,loss,0.06,90.0,0.0332286840321995,5806.688165841922,10.4915185694419,0.2834870337524141,27
0,50,naive,0.06,90.0,0.9440597224135792,8016.2410865099555,9.09109590846927,0.1977076072808582,27
0,50,loss,0.07,94.0,0.0332286840321995,5806.688165841922,10.4915185694419,0.2834870337524141,27
0,50,naive,0.07,94.0,0.9440597224135792,8016.2410865099555,9.09109590846927,0.1977076072808582,27
0,50,loss,0.08,82.0,0.0332286840321995,5806.688165841922,10.4915185694419,0.2834870337524141,27
0,50,naive,0.08,82.0,0.9440597224135792,8016.2410865099555,9.09109590846927,0.1977076072808582,27
0,50,loss,0.09,76.0,0.0332286840321995,5806.688165841922,10.4915185694419,0.2834870337524141,27
0,50,naive,0.09,76.0,0.9440597224135792,8016.2410865099555,9.09109590846927,0.1977076072808582,27
0,50,loss,0.1,86.0,0.0332286840321995,5806.688165841922,10.4915185694419,0.2834870337524141,27
0,50,naive,0.1,86.0,0.9440597224135792,8016.2410865099555,9.09109590846927,0.1977076072808582,27
0,50,loss,0.0,96.0,0.0319343010580609,5992.001342413669,10.355084588796403,0.2401078018451125,29
0,50,naive,0.0,96.0,0.9023112555892908,8043.158321526697,9.076537434287417,0.1590591526466767,29
0,50,loss,0.01,94.0,0.0319343010580609,5992.001342413669,10.355084588796403,0.2401078018451125,29
0,50,naive,0.01,94.0,0.9023112555892908,8043.158321526697,9.076537434287417,0.1590591526466767,29
0,50,loss,0.02,98.0,0.0319343010580609,5992.001342413669,10.355084588796403,0.2401078018451125,29
0,50,naive,0.02,98.0,0.9023112555892908,8043.158321526697,9.076537434287417,0.1590591526466767,29
0,50,loss,0.03,92.0,0.0319343010580609,5992.001342413669,10.355084588796403,0.2401078018451125,29
0,50,naive,0.03,92.0,0.9023112555892908,8043.158321526697,9.076537434287417,0.1590591526466767,29
0,50,loss,0.04,98.0,0.0319343010580609,5992.001342413669,10.355084588796403,0.2401078018451125,29
0,50,naive,0.04,98.0,0.9023112555892908,8043.158321526697,9.076537434287417,0.1590591526466767,29
0,50,loss,0.05,90.0,0.0319343010580609,5992.001342413669,10.355084588796403,0.2401078018451125,29
0,50,naive,0.05,90.0,0.9023112555892908,8043.158321526697,9.076537434287417,0.1590591526466767,29
0,50,loss,0.06,94.0,0.0319343010580609,5992.001342413669,10.355084588796403,0.2401078018451125,29
0,50,naive,0.06,94.0,0.9023112555892908,8043.158321526697,9.076537434287417,0.1590591526466767,29
0,50,loss,0.07,92.0,0.0319343010580609,5992.001342413669,10.355084588796403,0.2401078018451125,29
0,50,naive,0.07,92.0,0.9023112555892908,8043.158321526697,9.076537434287417,0.1590591526466767,29
0,50,loss,0.08,86.0,0.0319343010580609,5992.001342413669,10.355084588796403,0.2401078018451125,29
0,50,naive,0.08,86.0,0.9023112555892908,8043.158321526697,9.076537434287417,0.1590591526466767,29
0,50,loss,0.09,84.0,0.0319343010580609,5992.001342413669,10.355084588796403,0.2401078018451125,29
0,50,naive,0.09,84.0,0.9023112555892908,8043.158321526697,9.076537434287417,0.1590591526466767,29
0,50,loss,0.1,74.0,0.0319343010580609,5992.001342413669,10.355084588796403,0.2401078018451125,29
0,50,naive,0.1,74.0,0.9023112555892908,8043.158321526697,9.076537434287417,0.1590591526466767,29
0,50,loss,0.0,96.0,0.0370863280656899,7190.621255254354,9.563139466918344,0.2303107052313047,30
0,50,naive,0.0,96.0,0.9009616676893618,8863.780216368057,8.654613819855799,0.1624478776430725,30
0,50,loss,0.01,98.0,0.0370863280656899,7190.621255254354,9.563139466918344,0.2303107052313047,30
0,50,naive,0.01,98.0,0.9009616676893618,8863.780216368057,8.654613819855799,0.1624478776430725,30
0,50,loss,0.02,94.0,0.0370863280656899,7190.621255254354,9.563139466918344,0.2303107052313047,30
0,50,naive,0.02,94.0,0.9009616676893618,8863.780216368057,8.654613819855799,0.1624478776430725,30
0,50,loss,0.03,94.0,0.0370863280656899,7190.621255254354,9.563139466918344,0.2303107052313047,30
0,50,naive,0.03,94.0,0.9009616676893618,8863.780216368057,8.654613819855799,0.1624478776430725,30
0,50,loss,0.04,92.0,0.0370863280656899,7190.621255254354,9.563139466918344,0.2303107052313047,30
0,50,naive,0.04,92.0,0.9009616676893618,8863.780216368057,8.654613819855799,0.1624478776430725,30
0,50,loss,0.05,94.0,0.0370863280656899,7190.621255254354,9.563139466918344,0.2303107052313047,30
0,50,naive,0.05,94.0,0.9009616676893618,8863.780216368057,8.654613819855799,0.1624478776430725,30
0,50,loss,0.06,100.0,0.0370863280656899,7190.621255254354,9.563139466918344,0.2303107052313047,30
0,50,naive,0.06,100.0,0.9009616676893618,8863.780216368057,8.654613819855799,0.1624478776430725,30
0,50,loss,0.07,96.0,0.0370863280656899,7190.621255254354,9.563139466918344,0.2303107052313047,30
0,50,naive,0.07,96.0,0.9009616676893618,8863.780216368057,8.654613819855799,0.1624478776430725,30
0,50,loss,0.08,86.0,0.0370863280656899,7190.621255254354,9.563139466918344,0.2303107052313047,30
0,50,naive,0.08,86.0,0.9009616676893618,8863.780216368057,8.654613819855799,0.1624478776430725,30
0,50,loss,0.09,72.0,0.0370863280656899,7190.621255254354,9.563139466918344,0.2303107052313047,30
0,50,naive,0.09,72.0,0.9009616676893618,8863.780216368057,8.654613819855799,0.1624478776430725,30
0,50,loss,0.1,84.0,0.0370863280656899,7190.621255254354,9.563139466918344,0.2303107052313047,30
0,50,naive,0.1,84.0,0.9009616676893618,8863.780216368057,8.654613819855799,0.1624478776430725,30
0,50,loss,0.0,96.0,0.0279588591701995,5660.257026063188,10.602442083958008,0.2468188818893426,31
0,50,naive,0.0,96.0,0.9395205921580844,8153.888235669723,9.017156065313369,0.1502754638287965,31
0,50,loss,0.01,100.0,0.0279588591701995,5660.257026063188,10.602442083958008,0.2468188818893426,31
0,50,naive,0.01,100.0,0.9395205921580844,8153.888235669723,9.017156065313369,0.1502754638287965,31
0,50,loss,0.02,90.0,0.0279588591701995,5660.257026063188,10.602442083958008,0.2468188818893426,31
0,50,naive,0.02,90.0,0.9395205921580844,8153.888235669723,9.017156065313369,0.1502754638287965,31
0,50,loss,0.03,90.0,0.0279588591701995,5660.257026063188,10.602442083958008,0.2468188818893426,31
0,50,naive,0.03,90.0,0.9395205921580844,8153.888235669723,9.017156065313369,0.1502754638287965,31
0,50,loss,0.04,98.0,0.0279588591701995,5660.257026063188,10.602442083958008,0.2468188818893426,31
0,50,naive,0.04,98.0,0.9395205921580844,8153.888235669723,9.017156065313369,0.1502754638287965,31
0,50,loss,0.05,90.0,0.0279588591701995,5660.257026063188,10.602442083958008,0.2468188818893426,31
0,50,naive,0.05,90.0,0.9395205921580844,8153.888235669723,9.017156065313369,0.1502754638287965,31
0,50,loss,0.06,92.0,0.0279588591701995,5660.257026063188,10.602442083958008,0.2468188818893426,31
0,50,naive,0.06,92.0,0.9395205921580844,8153.888235669723,9.017156065313369,0.1502754638287965,31
0,50,loss,0.07,84.0,0.0279588591701995,5660.257026063188,10.602442083958008,0.2468188818893426,31
0,50,naive,0.07,84.0,0.9395205921580844,8153.888235669723,9.017156065313369,0.1502754638287965,31
0,50,loss,0.08,90.0,0.0279588591701995,5660.257026063188,10.602442083958008,0.2468188818893426,31
0,50,naive,0.08,90.0,0.9395205921580844,8153.888235669723,9.017156065313369,0.1502754638287965,31
0,50,loss,0.09,86.0,0.0279588591701995,5660.257026063188,10.602442083958008,0.2468188818893426,31
0,50,naive,0.09,86.0,0.9395205921580844,8153.888235669723,9.017156065313369,0.1502754638287965,31
0,50,loss,0.1,72.0,0.0279588591701995,5660.257026063188,10.602442083958008,0.2468188818893426,31
0,50,naive,0.1,72.0,0.9395205921580844,8153.888235669723,9.017156065313369,0.1502754638287965,31
0,50,loss,0.0,94.0,0.0339194915899637,4250.713678041146,11.846185083671806,0.3081203312580945,32
0,50,naive,0.0,94.0,0.9369611502123212,6650.057365063085,9.90254969215498,0.1915044674040345,32
0,50,loss,0.01,94.0,0.0339194915899637,4250.713678041146,11.846185083671806,0.3081203312580945,32
0,50,naive,0.01,94.0,0.9369611502123212,6650.057365063085,9.90254969215498,0.1915044674040345,32
0,50,loss,0.02,92.0,0.0339194915899637,4250.713678041146,11.846185083671806,0.3081203312580945,32
0,50,naive,0.02,92.0,0.9369611502123212,6650.057365063085,9.90254969215498,0.1915044674040345,32
0,50,loss,0.03,98.0,0.0339194915899637,4250.713678041146,11.846185083671806,0.3081203312580945,32
0,50,naive,0.03,98.0,0.9369611502123212,6650.057365063085,9.90254969215498,0.1915044674040345,32
0,50,loss,0.04,98.0,0.0339194915899637,4250.713678041146,11.846185083671806,0.3081203312580945,32
0,50,naive,0.04,98.0,0.9369611502123212,6650.057365063085,9.90254969215498,0.1915044674040345,32
0,50,loss,0.05,100.0,0.0339194915899637,4250.713678041146,11.846185083671806,0.3081203312580945,32
0,50,naive,0.05,100.0,0.9369611502123212,6650.057365063085,9.90254969215498,0.1915044674040345,32
0,50,loss,0.06,92.0,0.0339194915899637,4250.713678041146,11.846185083671806,0.3081203312580945,32
0,50,naive,0.06,92.0,0.9369611502123212,6650.057365063085,9.90254969215498,0.1915044674040345,32
0,50,loss,0.07,82.0,0.0339194915899637,4250.713678041146,11.846185083671806,0.3081203312580945,32
0,50,naive,0.07,82.0,0.9369611502123212,6650.057365063085,9.90254969215498,0.1915044674040345,32
0,50,loss,0.08,76.0,0.0339194915899637,4250.713678041146,11.846185083671806,0.3081203312580945,32
0,50,naive,0.08,76.0,0.9369611502123212,6650.057365063085,9.90254969215498,0.1915044674040345,32
0,50,loss,0.09,90.0,0.0339194915899637,4250.713678041146,11.846185083671806,0.3081203312580945,32
0,50,naive,0.09,90.0,0.9369611502123212,6650.057365063085,9.90254969215498,0.1915044674040345,32
0,50,loss,0.1,76.0,0.0339194915899637,4250.713678041146,11.846185083671806,0.3081203312580945,32
0,50,naive,0.1,76.0,0.9369611502123212,6650.057365063085,9.90254969215498,0.1915044674040345,32
0,50,loss,0.0,98.0,0.0373245146704116,6793.552118535874,9.80983449311253,0.2416388902485753,33
0,50,naive,0.0,98.0,0.8187421283588895,8447.395716387196,8.863575217796205,0.1737041469121707,33
0,50,loss,0.01,100.0,0.0373245146704116,6793.552118535874,9.80983449311253,0.2416388902485753,33
0,50,naive,0.01,100.0,0.8187421283588895,8447.395716387196,8.863575217796205,0.1737041469121707,33
0,50,loss,0.02,96.0,0.0373245146704116,6793.552118535874,9.80983449311253,0.2416388902485753,33
0,50,naive,0.02,96.0,0.8187421283588895,8447.395716387196,8.863575217796205,0.1737041469121707,33
0,50,loss,0.03,98.0,0.0373245146704116,6793.552118535874,9.80983449311253,0.2416388902485753,33
0,50,naive,0.03,98.0,0.8187421283588895,8447.395716387196,8.863575217796205,0.1737041469121707,33
0,50,loss,0.04,100.0,0.0373245146704116,6793.552118535874,9.80983449311253,0.2416388902485753,33
0,50,naive,0.04,100.0,0.8187421283588895,8447.395716387196,8.863575217796205,0.1737041469121707,33
0,50,loss,0.05,94.0,0.0373245146704116,6793.552118535874,9.80983449311253,0.2416388902485753,33
0,50,naive,0.05,94.0,0.8187421283588895,8447.395716387196,8.863575217796205,0.1737041469121707,33
0,50,loss,0.06,92.0,0.0373245146704116,6793.552118535874,9.80983449311253,0.2416388902485753,33
0,50,naive,0.06,92.0,0.8187421283588895,8447.395716387196,8.863575217796205,0.1737041469121707,33
0,50,loss,0.07,86.0,0.0373245146704116,6793.552118535874,9.80983449311253,0.2416388902485753,33
0,50,naive,0.07,86.0,0.8187421283588895,8447.395716387196,8.863575217796205,0.1737041469121707,33
0,50,loss,0.08,88.0,0.0373245146704116,6793.552118535874,9.80983449311253,0.2416388902485753,33
0,50,naive,0.08,88.0,0.8187421283588895,8447.395716387196,8.863575217796205,0.1737041469121707,33
0,50,loss,0.09,78.0,0.0373245146704116,6793.552118535874,9.80983449311253,0.2416388902485753,33
0,50,naive,0.09,78.0,0.8187421283588895,8447.395716387196,8.863575217796205,0.1737041469121707,33
0,50,loss,0.1,92.0,0.0373245146704116,6793.552118535874,9.80983449311253,0.2416388902485753,33
0,50,naive,0.1,92.0,0.8187421283588895,8447.395716387196,8.863575217796205,0.1737041469121707,33
0,50,loss,0.0,94.0,0.0387014947158861,4166.625937640535,11.932958478141773,0.3079315725664387,34
0,50,naive,0.0,94.0,0.914531805990572,7558.886571350664,9.346225325003934,0.1833286929269398,34
0,50,loss,0.01,100.0,0.0387014947158861,4166.625937640535,11.932958478141773,0.3079315725664387,34
0,50,naive,0.01,100.0,0.914531805990572,7558.886571350664,9.346225325003934,0.1833286929269398,34
0,50,loss,0.02,94.0,0.0387014947158861,4166.625937640535,11.932958478141773,0.3079315725664387,34
0,50,naive,0.02,94.0,0.914531805990572,7558.886571350664,9.346225325003934,0.1833286929269398,34
0,50,loss,0.03,96.0,0.0387014947158861,4166.625937640535,11.932958478141773,0.3079315725664387,34
0,50,naive,0.03,96.0,0.914531805990572,7558.886571350664,9.346225325003934,0.1833286929269398,34
0,50,loss,0.04,94.0,0.0387014947158861,4166.625937640535,11.932958478141773,0.3079315725664387,34
0,50,naive,0.04,94.0,0.914531805990572,7558.886571350664,9.346225325003934,0.1833286929269398,34
0,50,loss,0.05,96.0,0.0387014947158861,4166.625937640535,11.932958478141773,0.3079315725664387,34
0,50,naive,0.05,96.0,0.914531805990572,7558.886571350664,9.346225325003934,0.1833286929269398,34
0,50,loss,0.06,90.0,0.0387014947158861,4166.625937640535,11.932958478141773,0.3079315725664387,34
0,50,naive,0.06,90.0,0.914531805990572,7558.886571350664,9.346225325003934,0.1833286929269398,34
0,50,loss,0.07,94.0,0.0387014947158861,4166.625937640535,11.932958478141773,0.3079315725664387,34
0,50,naive,0.07,94.0,0.914531805990572,7558.886571350664,9.346225325003934,0.1833286929269398,34
0,50,loss,0.08,86.0,0.0387014947158861,4166.625937640535,11.932958478141773,0.3079315725664387,34
0,50,naive,0.08,86.0,0.914531805990572,7558.886571350664,9.346225325003934,0.1833286929269398,34
0,50,loss,0.09,74.0,0.0387014947158861,4166.625937640535,11.932958478141773,0.3079315725664387,34
0,50,naive,0.09,74.0,0.914531805990572,7558.886571350664,9.346225325003934,0.1833286929269398,34
0,50,loss,0.1,84.0,0.0387014947158861,4166.625937640535,11.932958478141773,0.3079315725664387,34
0,50,naive,0.1,84.0,0.914531805990572,7558.886571350664,9.346225325003934,0.1833286929269398,34
0,50,loss,0.0,98.0,0.026444962914602,7323.719403286973,9.483486642249453,0.2550860570434298,35
0,50,naive,0.0,98.0,0.9565956713947614,11304.25523219433,7.598384062345712,0.1711231869881916,35
0,50,loss,0.01,98.0,0.026444962914602,7323.719403286973,9.483486642249453,0.2550860570434298,35
0,50,naive,0.01,98.0,0.9565956713947614,11304.25523219433,7.598384062345712,0.1711231869881916,35
0,50,loss,0.02,92.0,0.026444962914602,7323.719403286973,9.483486642249453,0.2550860570434298,35
0,50,naive,0.02,92.0,0.9565956713947614,11304.25523219433,7.598384062345712,0.1711231869881916,35
0,50,loss,0.03,96.0,0.026444962914602,7323.719403286973,9.483486642249453,0.2550860570434298,35
0,50,naive,0.03,96.0,0.9565956713947614,11304.25523219433,7.598384062345712,0.1711231869881916,35
0,50,loss,0.04,96.0,0.026444962914602,7323.719403286973,9.483486642249453,0.2550860570434298,35
0,50,naive,0.04,96.0,0.9565956713947614,11304.25523219433,7.598384062345712,0.1711231869881916,35
0,50,loss,0.05,100.0,0.026444962914602,7323.719403286973,9.483486642249453,0.2550860570434298,35
0,50,naive,0.05,100.0,0.9565956713947614,11304.25523219433,7.598384062345712,0.1711231869881916,35
0,50,loss,0.06,94.0,0.026444962914602,7323.719403286973,9.483486642249453,0.2550860570434298,35
0,50,naive,0.06,94.0,0.9565956713947614,11304.25523219433,7.598384062345712,0.1711231869881916,35
0,50,loss,0.07,82.0,0.026444962914602,7323.719403286973,9.483486642249453,0.2550860570434298,35
0,50,naive,0.07,82.0,0.9565956713947614,11304.25523219433,7.598384062345712,0.1711231869881916,35
0,50,loss,0.08,88.0,0.026444962914602,7323.719403286973,9.483486642249453,0.2550860570434298,35
0,50,naive,0.08,88.0,0.9565956713947614,11304.25523219433,7.598384062345712,0.1711231869881916,35
0,50,loss,0.09,90.0,0.026444962914602,7323.719403286973,9.483486642249453,0.2550860570434298,35
0,50,naive,0.09,90.0,0.9565956713947614,11304.25523219433,7.598384062345712,0.1711231869881916,35
0,50,loss,0.1,76.0,0.026444962914602,7323.719403286973,9.483486642249453,0.2550860570434298,35
0,50,naive,0.1,76.0,0.9565956713947614,11304.25523219433,7.598384062345712,0.1711231869881916,35
0,50,loss,0.0,96.0,0.0494147432939058,6183.79673309734,10.218251553691951,0.2485101038956716,36
0,50,naive,0.0,96.0,0.9096813972321544,11161.710426959497,7.653496096291167,0.1317001798461125,36
0,50,loss,0.01,96.0,0.0494147432939058,6183.79673309734,10.218251553691951,0.2485101038956716,36
0,50,naive,0.01,96.0,0.9096813972321544,11161.710426959497,7.653496096291167,0.1317001798461125,36
0,50,loss,0.02,92.0,0.0494147432939058,6183.79673309734,10.218251553691951,0.2485101038956716,36
0,50,naive,0.02,92.0,0.9096813972321544,11161.710426959497,7.653496096291167,0.1317001798461125,36
0,50,loss,0.03,100.0,0.0494147432939058,6183.79673309734,10.218251553691951,0.2485101038956716,36
0,50,naive,0.03,100.0,0.9096813972321544,11161.710426959497,7.653496096291167,0.1317001798461125,36
0,50,loss,0.04,96.0,0.0494147432939058,6183.79673309734,10.218251553691951,0.2485101038956716,36
0,50,naive,0.04,96.0,0.9096813972321544,11161.710426959497,7.653496096291167,0.1317001798461125,36
0,50,loss,0.05,96.0,0.0494147432939058,6183.79673309734,10.218251553691951,0.2485101038956716,36
0,50,naive,0.05,96.0,0.9096813972321544,11161.710426959497,7.653496096291167,0.1317001798461125,36
0,50,loss,0.06,88.0,0.0494147432939058,6183.79673309734,10.218251553691951,0.2485101038956716,36
0,50,naive,0.06,88.0,0.9096813972321544,11161.710426959497,7.653496096291167,0.1317001798461125,36
0,50,loss,0.07,88.0,0.0494147432939058,6183.79673309734,10.218251553691951,0.2485101038956716,36
0,50,naive,0.07,88.0,0.9096813972321544,11161.710426959497,7.653496096291167,0.1317001798461125,36
0,50,loss,0.08,84.0,0.0494147432939058,6183.79673309734,10.218251553691951,0.2485101038956716,36
0,50,naive,0.08,84.0,0.9096813972321544,11161.710426959497,7.653496096291167,0.1317001798461125,36
0,50,loss,0.09,86.0,0.0494147432939058,6183.79673309734,10.218251553691951,0.2485101038956716,36
0,50,naive,0.09,86.0,0.9096813972321544,11161.710426959497,7.653496096291167,0.1317001798461125,36
0,50,loss,0.1,78.0,0.0494147432939058,6183.79673309734,10.218251553691951,0.2485101038956716,36
0,50,naive,0.1,78.0,0.9096813972321544,11161.710426959497,7.653496096291167,0.1317001798461125,36
0,50,loss,0.0,98.0,0.0361694192266745,4617.037423784673,11.487169660920983,0.3411999784929834,37
0,50,naive,0.0,98.0,0.94973642978745,7328.052445384541,9.480917920395024,0.2124657228213952,37
0,50,loss,0.01,96.0,0.0361694192266745,4617.037423784673,11.487169660920983,0.3411999784929834,37
0,50,naive,0.01,96.0,0.94973642978745,7328.052445384541,9.480917920395024,0.2124657228213952,37
0,50,loss,0.02,98.0,0.0361694192266745,4617.037423784673,11.487169660920983,0.3411999784929834,37
0,50,naive,0.02,98.0,0.94973642978745,7328.052445384541,9.480917920395024,0.2124657228213952,37
0,50,loss,0.03,96.0,0.0361694192266745,4617.037423784673,11.487169660920983,0.3411999784929834,37
0,50,naive,0.03,96.0,0.94973642978745,7328.052445384541,9.480917920395024,0.2124657228213952,37
0,50,loss,0.04,90.0,0.0361694192266745,4617.037423784673,11.487169660920983,0.3411999784929834,37
0,50,naive,0.04,90.0,0.94973642978745,7328.052445384541,9.480917920395024,0.2124657228213952,37
0,50,loss,0.05,94.0,0.0361694192266745,4617.037423784673,11.487169660920983,0.3411999784929834,37
0,50,naive,0.05,94.0,0.94973642978745,7328.052445384541,9.480917920395024,0.2124657228213952,37
0,50,loss,0.06,90.0,0.0361694192266745,4617.037423784673,11.487169660920983,0.3411999784929834,37
0,50,naive,0.06,90.0,0.94973642978745,7328.052445384541,9.480917920395024,0.2124657228213952,37
0,50,loss,0.07,94.0,0.0361694192266745,4617.037423784673,11.487169660920983,0.3411999784929834,37
0,50,naive,0.07,94.0,0.94973642978745,7328.052445384541,9.480917920395024,0.2124657228213952,37
0,50,loss,0.08,90.0,0.0361694192266745,4617.037423784673,11.487169660920983,0.3411999784929834,37
0,50,naive,0.08,90.0,0.94973642978745,7328.052445384541,9.480917920395024,0.2124657228213952,37
0,50,loss,0.09,90.0,0.0361694192266745,4617.037423784673,11.487169660920983,0.3411999784929834,37
0,50,naive,0.09,90.0,0.94973642978745,7328.052445384541,9.480917920395024,0.2124657228213952,37
0,50,loss,0.1,84.0,0.0361694192266745,4617.037423784673,11.487169660920983,0.3411999784929834,37
0,50,naive,0.1,84.0,0.94973642978745,7328.052445384541,9.480917920395024,0.2124657228213952,37
0,50,loss,0.0,90.0,0.0342156198188781,6558.569255134079,9.962712520365129,0.2576635160873242,38
0,50,naive,0.0,90.0,0.9388339019836875,8052.328622040106,9.071588703807548,0.1745889597262166,38
0,50,loss,0.01,98.0,0.0342156198188781,6558.569255134079,9.962712520365129,0.2576635160873242,38
0,50,naive,0.01,98.0,0.9388339019836875,8052.328622040106,9.071588703807548,0.1745889597262166,38
0,50,loss,0.02,98.0,0.0342156198188781,6558.569255134079,9.962712520365129,0.2576635160873242,38
0,50,naive,0.02,98.0,0.9388339019836875,8052.328622040106,9.071588703807548,0.1745889597262166,38
0,50,loss,0.03,96.0,0.0342156198188781,6558.569255134079,9.962712520365129,0.2576635160873242,38
0,50,naive,0.03,96.0,0.9388339019836875,8052.328622040106,9.071588703807548,0.1745889597262166,38
0,50,loss,0.04,96.0,0.0342156198188781,6558.569255134079,9.962712520365129,0.2576635160873242,38
0,50,naive,0.04,96.0,0.9388339019836875,8052.328622040106,9.071588703807548,0.1745889597262166,38
0,50,loss,0.05,92.0,0.0342156198188781,6558.569255134079,9.962712520365129,0.2576635160873242,38
0,50,naive,0.05,92.0,0.9388339019836875,8052.328622040106,9.071588703807548,0.1745889597262166,38
0,50,loss,0.06,94.0,0.0342156198188781,6558.569255134079,9.962712520365129,0.2576635160873242,38
0,50,naive,0.06,94.0,0.9388339019836875,8052.328622040106,9.071588703807548,0.1745889597262166,38
0,50,loss,0.07,86.0,0.0342156198188781,6558.569255134079,9.962712520365129,0.2576635160873242,38
0,50,naive,0.07,86.0,0.9388339019836875,8052.328622040106,9.071588703807548,0.1745889597262166,38
0,50,loss,0.08,98.0,0.0342156198188781,6558.569255134079,9.962712520365129,0.2576635160873242,38
0,50,naive,0.08,98.0,0.9388339019836875,8052.328622040106,9.071588703807548,0.1745889597262166,38
0,50,loss,0.09,80.0,0.0342156198188781,6558.569255134079,9.962712520365129,0.2576635160873242,38
0,50,naive,0.09,80.0,0.9388339019836875,8052.328622040106,9.071588703807548,0.1745889597262166,38
0,50,loss,0.1,90.0,0.0342156198188781,6558.569255134079,9.962712520365129,0.2576635160873242,38
0,50,naive,0.1,90.0,0.9388339019836875,8052.328622040106,9.071588703807548,0.1745889597262166,38
0,50,loss,0.0,98.0,0.0452784744090857,3670.5825823947657,12.483453614006685,0.3219359392605165,39
0,50,naive,0.0,98.0,0.9019468709569411,10684.398269866882,7.843302925273994,0.1686846676621642,39
0,50,loss,0.01,96.0,0.0452784744090857,3670.5825823947657,12.483453614006685,0.3219359392605165,39
0,50,naive,0.01,96.0,0.9019468709569411,10684.398269866882,7.843302925273994,0.1686846676621642,39
0,50,loss,0.02,100.0,0.0452784744090857,3670.5825823947657,12.483453614006685,0.3219359392605165,39
0,50,naive,0.02,100.0,0.9019468709569411,10684.398269866882,7.843302925273994,0.1686846676621642,39
0,50,loss,0.03,92.0,0.0452784744090857,3670.5825823947657,12.483453614006685,0.3219359392605165,39
0,50,naive,0.03,92.0,0.9019468709569411,10684.398269866882,7.843302925273994,0.1686846676621642,39
0,50,loss,0.04,98.0,0.0452784744090857,3670.5825823947657,12.483453614006685,0.3219359392605165,39
0,50,naive,0.04,98.0,0.9019468709569411,10684.398269866882,7.843302925273994,0.1686846676621642,39
0,50,loss,0.05,86.0,0.0452784744090857,3670.5825823947657,12.483453614006685,0.3219359392605165,39
0,50,naive,0.05,86.0,0.9019468709569411,10684.398269866882,7.843302925273994,0.1686846676621642,39
0,50,loss,0.06,92.0,0.0452784744090857,3670.5825823947657,12.483453614006685,0.3219359392605165,39
0,50,naive,0.06,92.0,0.9019468709569411,10684.398269866882,7.843302925273994,0.1686846676621642,39
0,50,loss,0.07,98.0,0.0452784744090857,3670.5825823947657,12.483453614006685,0.3219359392605165,39
0,50,naive,0.07,98.0,0.9019468709569411,10684.398269866882,7.843302925273994,0.1686846676621642,39
0,50,loss,0.08,96.0,0.0452784744090857,3670.5825823947657,12.483453614006685,0.3219359392605165,39
0,50,naive,0.08,96.0,0.9019468709569411,10684.398269866882,7.843302925273994,0.1686846676621642,39
0,50,loss,0.09,88.0,0.0452784744090857,3670.5825823947657,12.483453614006685,0.3219359392605165,39
0,50,naive,0.09,88.0,0.9019468709569411,10684.398269866882,7.843302925273994,0.1686846676621642,39
0,50,loss,0.1,82.0,0.0452784744090857,3670.5825823947657,12.483453614006685,0.3219359392605165,39
0,50,naive,0.1,82.0,0.9019468709569411,10684.398269866882,7.843302925273994,0.1686846676621642,39
0,50,loss,0.0,90.0,0.030893625271629,6595.003243014423,9.938653474263266,0.2605502187019395,40
0,50,naive,0.0,90.0,0.9121405307356198,7768.980726601741,9.227163168223983,0.1465200459146776,40
0,50,loss,0.01,98.0,0.030893625271629,6595.003243014423,9.938653474263266,0.2605502187019395,40
0,50,naive,0.01,98.0,0.9121405307356198,7768.980726601741,9.227163168223983,0.1465200459146776,40
0,50,loss,0.02,94.0,0.030893625271629,6595.003243014423,9.938653474263266,0.2605502187019395,40
0,50,naive,0.02,94.0,0.9121405307356198,7768.980726601741,9.227163168223983,0.1465200459146776,40
0,50,loss,0.03,92.0,0.030893625271629,6595.003243014423,9.938653474263266,0.2605502187019395,40
0,50,naive,0.03,92.0,0.9121405307356198,7768.980726601741,9.227163168223983,0.1465200459146776,40
0,50,loss,0.04,94.0,0.030893625271629,6595.003243014423,9.938653474263266,0.2605502187019395,40
0,50,naive,0.04,94.0,0.9121405307356198,7768.980726601741,9.227163168223983,0.1465200459146776,40
0,50,loss,0.05,92.0,0.030893625271629,6595.003243014423,9.938653474263266,0.2605502187019395,40
0,50,naive,0.05,92.0,0.9121405307356198,7768.980726601741,9.227163168223983,0.1465200459146776,40
0,50,loss,0.06,90.0,0.030893625271629,6595.003243014423,9.938653474263266,0.2605502187019395,40
0,50,naive,0.06,90.0,0.9121405307356198,7768.980726601741,9.227163168223983,0.1465200459146776,40
0,50,loss,0.07,94.0,0.030893625271629,6595.003243014423,9.938653474263266,0.2605502187019395,40
0,50,naive,0.07,94.0,0.9121405307356198,7768.980726601741,9.227163168223983,0.1465200459146776,40
0,50,loss,0.08,92.0,0.030893625271629,6595.003243014423,9.938653474263266,0.2605502187019395,40
0,50,naive,0.08,92.0,0.9121405307356198,7768.980726601741,9.227163168223983,0.1465200459146776,40
0,50,loss,0.09,90.0,0.030893625271629,6595.003243014423,9.938653474263266,0.2605502187019395,40
0,50,naive,0.09,90.0,0.9121405307356198,7768.980726601741,9.227163168223983,0.1465200459146776,40
0,50,loss,0.1,88.0,0.030893625271629,6595.003243014423,9.938653474263266,0.2605502187019395,40
0,50,naive,0.1,88.0,0.9121405307356198,7768.980726601741,9.227163168223983,0.1465200459146776,40
0,50,loss,0.0,100.0,0.0242060875395796,10057.923771649566,8.105720210601756,0.2478595716956822,41
0,50,naive,0.0,100.0,0.9607940254664596,11287.635485858624,7.604773846641652,0.193995055553278,41
0,50,loss,0.01,96.0,0.0242060875395796,10057.923771649566,8.105720210601756,0.2478595716956822,41
0,50,naive,0.01,96.0,0.9607940254664596,11287.635485858624,7.604773846641652,0.193995055553278,41
0,50,loss,0.02,90.0,0.0242060875395796,10057.923771649566,8.105720210601756,0.2478595716956822,41
0,50,naive,0.02,90.0,0.9607940254664596,11287.635485858624,7.604773846641652,0.193995055553278,41
0,50,loss,0.03,94.0,0.0242060875395796,10057.923771649566,8.105720210601756,0.2478595716956822,41
0,50,naive,0.03,94.0,0.9607940254664596,11287.635485858624,7.604773846641652,0.193995055553278,41
0,50,loss,0.04,94.0,0.0242060875395796,10057.923771649566,8.105720210601756,0.2478595716956822,41
0,50,naive,0.04,94.0,0.9607940254664596,11287.635485858624,7.604773846641652,0.193995055553278,41
0,50,loss,0.05,98.0,0.0242060875395796,10057.923771649566,8.105720210601756,0.2478595716956822,41
0,50,naive,0.05,98.0,0.9607940254664596,11287.635485858624,7.604773846641652,0.193995055553278,41
0,50,loss,0.06,86.0,0.0242060875395796,10057.923771649566,8.105720210601756,0.2478595716956822,41
0,50,naive,0.06,86.0,0.9607940254664596,11287.635485858624,7.604773846641652,0.193995055553278,41
0,50,loss,0.07,90.0,0.0242060875395796,10057.923771649566,8.105720210601756,0.2478595716956822,41
0,50,naive,0.07,90.0,0.9607940254664596,11287.635485858624,7.604773846641652,0.193995055553278,41
0,50,loss,0.08,94.0,0.0242060875395796,10057.923771649566,8.105720210601756,0.2478595716956822,41
0,50,naive,0.08,94.0,0.9607940254664596,11287.635485858624,7.604773846641652,0.193995055553278,41
0,50,loss,0.09,78.0,0.0242060875395796,10057.923771649566,8.105720210601756,0.2478595716956822,41
0,50,naive,0.09,78.0,0.9607940254664596,11287.635485858624,7.604773846641652,0.193995055553278,41
0,50,loss,0.1,84.0,0.0242060875395796,10057.923771649566,8.105720210601756,0.2478595716956822,41
0,50,naive,0.1,84.0,0.9607940254664596,11287.635485858624,7.604773846641652,0.193995055553278,41
0,50,loss,0.0,90.0,0.0256899779201462,5791.678803141612,10.5027589225948,0.2596771015430741,43
0,50,naive,0.0,90.0,0.9799811845950556,7999.496733316693,9.100176954782896,0.1713197017968938,43
0,50,loss,0.01,98.0,0.0256899779201462,5791.678803141612,10.5027589225948,0.2596771015430741,43
0,50,naive,0.01,98.0,0.9799811845950556,7999.496733316693,9.100176954782896,0.1713197017968938,43
0,50,loss,0.02,98.0,0.0256899779201462,5791.678803141612,10.5027589225948,0.2596771015430741,43
0,50,naive,0.02,98.0,0.9799811845950556,7999.496733316693,9.100176954782896,0.1713197017968938,43
0,50,loss,0.03,96.0,0.0256899779201462,5791.678803141612,10.5027589225948,0.2596771015430741,43
0,50,naive,0.03,96.0,0.9799811845950556,7999.496733316693,9.100176954782896,0.1713197017968938,43
0,50,loss,0.04,92.0,0.0256899779201462,5791.678803141612,10.5027589225948,0.2596771015430741,43
0,50,naive,0.04,92.0,0.9799811845950556,7999.496733316693,9.100176954782896,0.1713197017968938,43
0,50,loss,0.05,96.0,0.0256899779201462,5791.678803141612,10.5027589225948,0.2596771015430741,43
0,50,naive,0.05,96.0,0.9799811845950556,7999.496733316693,9.100176954782896,0.1713197017968938,43
0,50,loss,0.06,86.0,0.0256899779201462,5791.678803141612,10.5027589225948,0.2596771015430741,43
0,50,naive,0.06,86.0,0.9799811845950556,7999.496733316693,9.100176954782896,0.1713197017968938,43
0,50,loss,0.07,88.0,0.0256899779201462,5791.678803141612,10.5027589225948,0.2596771015430741,43
0,50,naive,0.07,88.0,0.9799811845950556,7999.496733316693,9.100176954782896,0.1713197017968938,43
0,50,loss,0.08,94.0,0.0256899779201462,5791.678803141612,10.5027589225948,0.2596771015430741,43
0,50,naive,0.08,94.0,0.9799811845950556,7999.496733316693,9.100176954782896,0.1713197017968938,43
0,50,loss,0.09,76.0,0.0256899779201462,5791.678803141612,10.5027589225948,0.2596771015430741,43
0,50,naive,0.09,76.0,0.9799811845950556,7999.496733316693,9.100176954782896,0.1713197017968938,43
0,50,loss,0.1,74.0,0.0256899779201462,5791.678803141612,10.5027589225948,0.2596771015430741,43
0,50,naive,0.1,74.0,0.9799811845950556,7999.496733316693,9.100176954782896,0.1713197017968938,43
0,50,loss,0.0,94.0,0.0288040499453427,6750.49215652896,9.837449238779234,0.2677550971910458,44
0,50,naive,0.0,94.0,0.923019735452702,9062.775974207316,8.558191162129425,0.1563886432197187,44
0,50,loss,0.01,90.0,0.0288040499453427,6750.49215652896,9.837449238779234,0.2677550971910458,44
0,50,naive,0.01,90.0,0.923019735452702,9062.775974207316,8.558191162129425,0.1563886432197187,44
0,50,loss,0.02,96.0,0.0288040499453427,6750.49215652896,9.837449238779234,0.2677550971910458,44
0,50,naive,0.02,96.0,0.923019735452702,9062.775974207316,8.558191162129425,0.1563886432197187,44
0,50,loss,0.03,98.0,0.0288040499453427,6750.49215652896,9.837449238779234,0.2677550971910458,44
0,50,naive,0.03,98.0,0.923019735452702,9062.775974207316,8.558191162129425,0.1563886432197187,44
0,50,loss,0.04,100.0,0.0288040499453427,6750.49215652896,9.837449238779234,0.2677550971910458,44
0,50,naive,0.04,100.0,0.923019735452702,9062.775974207316,8.558191162129425,0.1563886432197187,44
0,50,loss,0.05,96.0,0.0288040499453427,6750.49215652896,9.837449238779234,0.2677550971910458,44
0,50,naive,0.05,96.0,0.923019735452702,9062.775974207316,8.558191162129425,0.1563886432197187,44
0,50,loss,0.06,86.0,0.0288040499453427,6750.49215652896,9.837449238779234,0.2677550971910458,44
0,50,naive,0.06,86.0,0.923019735452702,9062.775974207316,8.558191162129425,0.1563886432197187,44
0,50,loss,0.07,92.0,0.0288040499453427,6750.49215652896,9.837449238779234,0.2677550971910458,44
0,50,naive,0.07,92.0,0.923019735452702,9062.775974207316,8.558191162129425,0.1563886432197187,44
0,50,loss,0.08,84.0,0.0288040499453427,6750.49215652896,9.837449238779234,0.2677550971910458,44
0,50,naive,0.08,84.0,0.923019735452702,9062.775974207316,8.558191162129425,0.1563886432197187,44
0,50,loss,0.09,86.0,0.0288040499453427,6750.49215652896,9.837449238779234,0.2677550971910458,44
0,50,naive,0.09,86.0,0.923019735452702,9062.775974207316,8.558191162129425,0.1563886432197187,44
0,50,loss,0.1,88.0,0.0288040499453427,6750.49215652896,9.837449238779234,0.2677550971910458,44
0,50,naive,0.1,88.0,0.923019735452702,9062.775974207316,8.558191162129425,0.1563886432197187,44
0,50,loss,0.0,98.0,0.05846415513585,4136.001990673686,11.964996217543671,0.371690728204244,48
0,50,naive,0.0,98.0,0.8803838117716621,7125.776710968158,9.602481514290751,0.1807328969470643,48
0,50,loss,0.01,92.0,0.05846415513585,4136.001990673686,11.964996217543671,0.371690728204244,48
0,50,naive,0.01,92.0,0.8803838117716621,7125.776710968158,9.602481514290751,0.1807328969470643,48
0,50,loss,0.02,96.0,0.05846415513585,4136.001990673686,11.964996217543671,0.371690728204244,48
0,50,naive,0.02,96.0,0.8803838117716621,7125.776710968158,9.602481514290751,0.1807328969470643,48
0,50,loss,0.03,86.0,0.05846415513585,4136.001990673686,11.964996217543671,0.371690728204244,48
0,50,naive,0.03,86.0,0.8803838117716621,7125.776710968158,9.602481514290751,0.1807328969470643,48
0,50,loss,0.04,94.0,0.05846415513585,4136.001990673686,11.964996217543671,0.371690728204244,48
0,50,naive,0.04,94.0,0.8803838117716621,7125.776710968158,9.602481514290751,0.1807328969470643,48
0,50,loss,0.05,94.0,0.05846415513585,4136.001990673686,11.964996217543671,0.371690728204244,48
0,50,naive,0.05,94.0,0.8803838117716621,7125.776710968158,9.602481514290751,0.1807328969470643,48
0,50,loss,0.06,94.0,0.05846415513585,4136.001990673686,11.964996217543671,0.371690728204244,48
0,50,naive,0.06,94.0,0.8803838117716621,7125.776710968158,9.602481514290751,0.1807328969470643,48
0,50,loss,0.07,88.0,0.05846415513585,4136.001990673686,11.964996217543671,0.371690728204244,48
0,50,naive,0.07,88.0,0.8803838117716621,7125.776710968158,9.602481514290751,0.1807328969470643,48
0,50,loss,0.08,88.0,0.05846415513585,4136.001990673686,11.964996217543671,0.371690728204244,48
0,50,naive,0.08,88.0,0.8803838117716621,7125.776710968158,9.602481514290751,0.1807328969470643,48
0,50,loss,0.09,90.0,0.05846415513585,4136.001990673686,11.964996217543671,0.371690728204244,48
0,50,naive,0.09,90.0,0.8803838117716621,7125.776710968158,9.602481514290751,0.1807328969470643,48
0,50,loss,0.1,80.0,0.05846415513585,4136.001990673686,11.964996217543671,0.371690728204244,48
0,50,naive,0.1,80.0,0.8803838117716621,7125.776710968158,9.602481514290751,0.1807328969470643,48
0,50,loss,0.0,88.0,0.0412969130452702,7405.491915299279,9.435264487190672,0.2500893422176685,49
0,50,naive,0.0,88.0,0.9169909903442772,9585.378576638035,8.314710907588832,0.1828739750609504,49
0,50,loss,0.01,98.0,0.0412969130452702,7405.491915299279,9.435264487190672,0.2500893422176685,49
0,50,naive,0.01,98.0,0.9169909903442772,9585.378576638035,8.314710907588832,0.1828739750609504,49
0,50,loss,0.02,98.0,0.0412969130452702,7405.491915299279,9.435264487190672,0.2500893422176685,49
0,50,naive,0.02,98.0,0.9169909903442772,9585.378576638035,8.314710907588832,0.1828739750609504,49
0,50,loss,0.03,94.0,0.0412969130452702,7405.491915299279,9.435264487190672,0.2500893422176685,49
0,50,naive,0.03,94.0,0.9169909903442772,9585.378576638035,8.314710907588832,0.1828739750609504,49
0,50,loss,0.04,96.0,0.0412969130452702,7405.491915299279,9.435264487190672,0.2500893422176685,49
0,50,naive,0.04,96.0,0.9169909903442772,9585.378576638035,8.314710907588832,0.1828739750609504,49
0,50,loss,0.05,92.0,0.0412969130452702,7405.491915299279,9.435264487190672,0.2500893422176685,49
0,50,naive,0.05,92.0,0.9169909903442772,9585.378576638035,8.314710907588832,0.1828739750609504,49
0,50,loss,0.06,90.0,0.0412969130452702,7405.491915299279,9.435264487190672,0.2500893422176685,49
0,50,naive,0.06,90.0,0.9169909903442772,9585.378576638035,8.314710907588832,0.1828739750609504,49
0,50,loss,0.07,96.0,0.0412969130452702,7405.491915299279,9.435264487190672,0.2500893422176685,49
0,50,naive,0.07,96.0,0.9169909903442772,9585.378576638035,8.314710907588832,0.1828739750609504,49
0,50,loss,0.08,82.0,0.0412969130452702,7405.491915299279,9.435264487190672,0.2500893422176685,49
0,50,naive,0.08,82.0,0.9169909903442772,9585.378576638035,8.314710907588832,0.1828739750609504,49
0,50,loss,0.09,76.0,0.0412969130452702,7405.491915299279,9.435264487190672,0.2500893422176685,49
0,50,naive,0.09,76.0,0.9169909903442772,9585.378576638035,8.314710907588832,0.1828739750609504,49
0,50,loss,0.1,82.0,0.0412969130452702,7405.491915299279,9.435264487190672,0.2500893422176685,49
0,50,naive,0.1,82.0,0.9169909903442772,9585.378576638035,8.314710907588832,0.1828739750609504,49
0,50,loss,0.0,96.0,0.0377459530706692,6589.769372333599,9.942101453748972,0.1780786056257665,52
0,50,naive,0.0,96.0,0.9389505923488248,8228.50476952516,8.977594356605621,0.1515006331872097,52
0,50,loss,0.01,92.0,0.0377459530706692,6589.769372333599,9.942101453748972,0.1780786056257665,52
0,50,naive,0.01,92.0,0.9389505923488248,8228.50476952516,8.977594356605621,0.1515006331872097,52
0,50,loss,0.02,98.0,0.0377459530706692,6589.769372333599,9.942101453748972,0.1780786056257665,52
0,50,naive,0.02,98.0,0.9389505923488248,8228.50476952516,8.977594356605621,0.1515006331872097,52
0,50,loss,0.03,98.0,0.0377459530706692,6589.769372333599,9.942101453748972,0.1780786056257665,52
0,50,naive,0.03,98.0,0.9389505923488248,8228.50476952516,8.977594356605621,0.1515006331872097,52
0,50,loss,0.04,96.0,0.0377459530706692,6589.769372333599,9.942101453748972,0.1780786056257665,52
0,50,naive,0.04,96.0,0.9389505923488248,8228.50476952516,8.977594356605621,0.1515006331872097,52
0,50,loss,0.05,96.0,0.0377459530706692,6589.769372333599,9.942101453748972,0.1780786056257665,52
0,50,naive,0.05,96.0,0.9389505923488248,8228.50476952516,8.977594356605621,0.1515006331872097,52
0,50,loss,0.06,86.0,0.0377459530706692,6589.769372333599,9.942101453748972,0.1780786056257665,52
0,50,naive,0.06,86.0,0.9389505923488248,8228.50476952516,8.977594356605621,0.1515006331872097,52
0,50,loss,0.07,92.0,0.0377459530706692,6589.769372333599,9.942101453748972,0.1780786056257665,52
0,50,naive,0.07,92.0,0.9389505923488248,8228.50476952516,8.977594356605621,0.1515006331872097,52
0,50,loss,0.08,90.0,0.0377459530706692,6589.769372333599,9.942101453748972,0.1780786056257665,52
0,50,naive,0.08,90.0,0.9389505923488248,8228.50476952516,8.977594356605621,0.1515006331872097,52
0,50,loss,0.09,78.0,0.0377459530706692,6589.769372333599,9.942101453748972,0.1780786056257665,52
0,50,naive,0.09,78.0,0.9389505923488248,8228.50476952516,8.977594356605621,0.1515006331872097,52
0,50,loss,0.1,84.0,0.0377459530706692,6589.769372333599,9.942101453748972,0.1780786056257665,52
0,50,naive,0.1,84.0,0.9389505923488248,8228.50476952516,8.977594356605621,0.1515006331872097,52
0,50,loss,0.0,94.0,0.0368262655656274,5985.204553956652,10.36001363161982,0.2900208964968577,53
0,50,naive,0.0,94.0,0.8886784525976724,8392.905426074021,8.891680314954929,0.1718026356178725,53
0,50,loss,0.01,92.0,0.0368262655656274,5985.204553956652,10.36001363161982,0.2900208964968577,53
0,50,naive,0.01,92.0,0.8886784525976724,8392.905426074021,8.891680314954929,0.1718026356178725,53
0,50,loss,0.02,96.0,0.0368262655656274,5985.204553956652,10.36001363161982,0.2900208964968577,53
0,50,naive,0.02,96.0,0.8886784525976724,8392.905426074021,8.891680314954929,0.1718026356178725,53
0,50,loss,0.03,100.0,0.0368262655656274,5985.204553956652,10.36001363161982,0.2900208964968577,53
0,50,naive,0.03,100.0,0.8886784525976724,8392.905426074021,8.891680314954929,0.1718026356178725,53
0,50,loss,0.04,98.0,0.0368262655656274,5985.204553956652,10.36001363161982,0.2900208964968577,53
0,50,naive,0.04,98.0,0.8886784525976724,8392.905426074021,8.891680314954929,0.1718026356178725,53
0,50,loss,0.05,96.0,0.0368262655656274,5985.204553956652,10.36001363161982,0.2900208964968577,53
0,50,naive,0.05,96.0,0.8886784525976724,8392.905426074021,8.891680314954929,0.1718026356178725,53
0,50,loss,0.06,94.0,0.0368262655656274,5985.204553956652,10.36001363161982,0.2900208964968577,53
0,50,naive,0.06,94.0,0.8886784525976724,8392.905426074021,8.891680314954929,0.1718026356178725,53
0,50,loss,0.07,96.0,0.0368262655656274,5985.204553956652,10.36001363161982,0.2900208964968577,53
0,50,naive,0.07,96.0,0.8886784525976724,8392.905426074021,8.891680314954929,0.1718026356178725,53
0,50,loss,0.08,94.0,0.0368262655656274,5985.204553956652,10.36001363161982,0.2900208964968577,53
0,50,naive,0.08,94.0,0.8886784525976724,8392.905426074021,8.891680314954929,0.1718026356178725,53
0,50,loss,0.09,80.0,0.0368262655656274,5985.204553956652,10.36001363161982,0.2900208964968577,53
0,50,naive,0.09,80.0,0.8886784525976724,8392.905426074021,8.891680314954929,0.1718026356178725,53
0,50,loss,0.1,80.0,0.0368262655656274,5985.204553956652,10.36001363161982,0.2900208964968577,53
0,50,naive,0.1,80.0,0.8886784525976724,8392.905426074021,8.891680314954929,0.1718026356178725,53
0,50,loss,0.0,84.0,0.03847520127407271,4084.565774425282,12.019344669014597,0.2758169884281299,1
0,50,naive,0.0,84.0,0.9240739395111457,6419.563248732615,10.055748787675277,0.19959050194108752,1
0,50,loss,0.01,94.0,0.03847520127407271,4084.565774425282,12.019344669014597,0.2758169884281299,1
0,50,naive,0.01,94.0,0.9240739395111457,6419.563248732615,10.055748787675277,0.19959050194108752,1
0,50,loss,0.02,92.0,0.03847520127407271,4084.565774425282,12.019344669014597,0.2758169884281299,1
0,50,naive,0.02,92.0,0.9240739395111457,6419.563248732615,10.055748787675277,0.19959050194108752,1
0,50,loss,0.03,94.0,0.03847520127407271,4084.565774425282,12.019344669014597,0.2758169884281299,1
0,50,naive,0.03,94.0,0.9240739395111457,6419.563248732615,10.055748787675277,0.19959050194108752,1
0,50,loss,0.04,96.0,0.03847520127407271,4084.565774425282,12.019344669014597,0.2758169884281299,1
0,50,naive,0.04,96.0,0.9240739395111457,6419.563248732615,10.055748787675277,0.19959050194108752,1
0,50,loss,0.05,94.0,0.03847520127407271,4084.565774425282,12.019344669014597,0.2758169884281299,1
0,50,naive,0.05,94.0,0.9240739395111457,6419.563248732615,10.055748787675277,0.19959050194108752,1
0,50,loss,0.06,96.0,0.03847520127407271,4084.565774425282,12.019344669014597,0.2758169884281299,1
0,50,naive,0.06,96.0,0.9240739395111457,6419.563248732615,10.055748787675277,0.19959050194108752,1
0,50,loss,0.07,96.0,0.03847520127407271,4084.565774425282,12.019344669014597,0.2758169884281299,1
0,50,naive,0.07,96.0,0.9240739395111457,6419.563248732615,10.055748787675277,0.19959050194108752,1
0,50,loss,0.08,82.0,0.03847520127407271,4084.565774425282,12.019344669014597,0.2758169884281299,1
0,50,naive,0.08,82.0,0.9240739395111457,6419.563248732615,10.055748787675277,0.19959050194108752,1
0,50,loss,0.09,84.0,0.03847520127407271,4084.565774425282,12.019344669014597,0.2758169884281299,1
0,50,naive,0.09,84.0,0.9240739395111457,6419.563248732615,10.055748787675277,0.19959050194108752,1
0,50,loss,0.1,88.0,0.03847520127407271,4084.565774425282,12.019344669014597,0.2758169884281299,1
0,50,naive,0.1,88.0,0.9240739395111457,6419.563248732615,10.055748787675277,0.19959050194108752,1
