Label,Round,Method,Noise Scale,Accuracy,Loss,MSE,PSNR,SSIM
0,10,loss,0.0,36.0,2.275739624205408,5262.469675341277,10.918907546122892,0.0372368367384725
0,10,naive,0.0,36.0,0.1157057798158917,9870.011386894854,8.187627071584815,0.1332526188547936
0,20,loss,0.0,48.0,0.6419814943773587,4116.755916601942,11.985252425260818,0.4922553514830719
0,20,naive,0.0,48.0,0.4197721099615913,7584.652104332069,9.331446956705287,0.2788351779308675
0,30,loss,0.0,78.0,0.110874124297631,4323.737580965087,11.77221033264071,0.4378156647306885
0,30,naive,0.0,78.0,0.7941797274579829,7587.295997319453,9.329933336781078,0.2486582865057605
0,40,loss,0.0,90.0,0.0391408015072035,5315.919675757753,10.875019507941166,0.3076793139323344
0,40,naive,0.0,90.0,0.9681000065268728,8674.702860690084,8.748257532750587,0.1906267394324514
0,50,loss,0.0,96.0,0.024586248207568,3962.974734892021,12.150590572775906,0.2495194423588145
0,50,naive,0.0,96.0,0.9850870235787152,8401.758880515194,8.887101471703806,0.1902564851776359
0,10,loss,0.01,30.0,2.3068909056821734,6787.6655267681,9.813599272602596,0.053030873321193
0,10,naive,0.01,30.0,0.1132997589429204,9608.569452582298,8.304216272156058,0.1119180778406134
0,20,loss,0.01,56.00000000000001,0.4053988701326574,5971.142554236554,10.370229212755994,0.3662839616457841
0,20,naive,0.01,56.00000000000001,0.5111637088619339,8793.480834086282,8.689195395145475,0.2183138881867597
0,30,loss,0.01,78.0,0.0788985966612788,6056.910825116591,10.308291812024429,0.3068079198212566
0,30,naive,0.01,78.0,0.8544789037975373,8692.513828961708,8.73934970590902,0.1681236985263127
0,40,loss,0.01,92.0,0.0300151278636848,6101.820088003239,10.276209625335497,0.2498731113015005
0,40,naive,0.01,92.0,0.9748385692267678,8898.279316306089,8.637743267714011,0.1733152679096428
0,50,loss,0.01,100.0,0.0176505446250623,6245.437143957903,10.175175190281491,0.2231167107200638
0,50,naive,0.01,100.0,0.9947428915783288,8850.24334294868,8.661251488088528,0.1805549812686549
0,10,loss,0.02,34.0,1.9463869270564629,8463.250864634454,8.855431466014464,0.0574345043553597
0,10,naive,0.02,34.0,0.1710827768078774,9398.56267341806,8.400189190482282,0.1515299946377665
0,20,loss,0.02,70.0,0.2352191236107929,6999.634430502438,9.680050021338497,0.2702302159575728
0,20,naive,0.02,70.0,0.6442566759139542,9175.60725288826,8.504455448537097,0.1700841104768423
0,30,loss,0.02,82.0,0.0669485636063973,6828.247301942681,9.78771119086589,0.2356300009504029
0,30,naive,0.02,82.0,0.9096620334784338,9345.038031728014,8.424992876906728,0.1506870633309085
0,40,loss,0.02,86.0,0.0211712738662121,7051.491933426031,9.647993474360826,0.1600076874812146
0,40,naive,0.02,86.0,0.9895716399077016,9397.343741214836,8.400752478592722,0.1225318976079304
0,50,loss,0.02,98.0,0.0111490269199423,4523.175189768775,11.576369518802451,0.1410596598469272
0,50,naive,0.02,98.0,0.9989509013791732,8658.306020006452,8.756474293732786,0.1824916159484322
0,10,loss,0.03,32.0,0.8970837299236148,9482.917827895306,8.361383735741173,0.1201356197682854
0,10,naive,0.03,32.0,0.2995740641438546,9456.836120273185,8.373344977571518,0.1456087968853717
0,20,loss,0.03,74.0,0.1833948744041791,8063.29246014707,9.065679486780589,0.1992818741019331
0,20,naive,0.03,74.0,0.7113064440678489,9774.065143864784,8.23005131605804,0.1309615910647548
0,30,loss,0.03,84.0,0.0699627279091485,7625.147904920651,9.308320887614927,0.1788815795967697
0,30,naive,0.03,84.0,0.9113323492160752,9360.507667511734,8.417809575122748,0.1365652439270637
0,40,loss,0.03,88.0,0.0174161096186705,7768.31287684145,9.227536519559443,0.1065255822632256
0,40,naive,0.03,88.0,0.9924035377230768,9677.8212338889,8.27302765192086,0.0989927009939128
0,50,loss,0.03,98.0,0.0080076085686847,7708.754067379663,9.260961702861415,0.0947406290156759
0,50,naive,0.03,98.0,0.9990044864263716,9090.467892065652,8.54494123662152,0.117084712147064
0,10,loss,0.04,36.0,0.2866426051357302,10206.55003811304,8.04201391807956,0.1259248932702431
0,10,naive,0.04,36.0,0.4912090663254611,9318.068732452632,8.437544512769774,0.1511950990665529
0,20,loss,0.04,74.0,0.115084710753969,8241.418552819912,8.970783898700072,0.1489006725467473
0,20,naive,0.04,74.0,0.8012204385796079,9904.1984697468,8.172610262988716,0.1026821121276034
0,30,loss,0.04,84.0,0.0506421799619645,8153.213911391236,9.017515240488311,0.1321625431437373
0,30,naive,0.04,84.0,0.9506668298281408,9913.56995855567,8.168502851808682,0.1023566964612164
0,40,loss,0.04,90.0,0.0119999755525807,7894.583454113523,9.157511408177614,0.0858423293898173
0,40,naive,0.04,90.0,0.9990060532790608,10447.18324228959,7.940811486245089,0.0789801270656048
0,50,loss,0.04,94.0,0.0114648301962747,8064.640470379555,9.064953499874017,0.0959144885774946
0,50,naive,0.04,94.0,0.9990012074768788,10020.107544430164,8.122079780889855,0.10955556274382
0,10,loss,0.05,38.0,0.1288455346170752,9869.552687228912,8.187828910625491,0.1163015395361347
0,10,naive,0.05,38.0,0.6741018733958536,9383.97848537087,8.406933574654058,0.1441230435020027
0,20,loss,0.05,74.0,0.0628985731589426,8423.049490435385,8.876110084299814,0.1082650342975942
0,20,naive,0.05,74.0,0.8772476440364426,10386.533440881549,7.966097371513331,0.0695456985842817
0,30,loss,0.05,80.0,0.0293598270155198,8304.789498334889,8.937517320118863,0.0898268738971684
0,30,naive,0.05,80.0,0.979156128572286,7857.550624050543,9.177931731286614,0.0834196735780266
0,40,loss,0.05,88.0,0.0097634574153339,8521.526562472922,8.825629587923858,0.0702073620512337
0,40,naive,0.05,88.0,0.9960349276748988,7691.393612350955,9.270753236258129,0.0564903000437178
0,50,loss,0.05,94.0,0.0049928737021468,8291.952196817314,8.944235711506579,0.0520923511108134
0,50,naive,0.05,94.0,0.7286933295089767,8609.839971183685,8.780852814558065,0.0737693257719562
0,10,loss,0.06,38.0,0.0745514367248373,9510.7389325349,8.34866100307422,0.1004186572317796
0,10,naive,0.06,38.0,0.8020465337849875,9514.09768905325,8.347127545030775,0.1343154404803694
0,20,loss,0.06,70.0,0.0372141695035552,8550.341157180563,8.81096917516918,0.0777290126864105
0,20,naive,0.06,70.0,0.9436271031623408,7943.94055939735,9.130443749805742,0.0651015106726649
0,30,loss,0.06,76.0,0.0127892353281854,8225.095094446875,8.97939433120695,0.056846600774925
0,30,naive,0.06,76.0,0.9990018921964964,9636.273161222229,8.291712583408968,0.1001026207662057
0,40,loss,0.06,82.0,0.0066543137807647,8296.076181829028,8.942076293967547,0.0551957993990826
0,40,naive,0.06,82.0,0.9990077822811791,9605.93026768524,8.305409312267859,0.0606557698236551
0,50,loss,0.06,90.0,0.0067131433872893,8948.771533088262,8.613169404144843,0.0446490046011086
0,50,naive,0.06,90.0,0.9990070056594604,9580.413081948964,8.31696125761877,0.0899173721160467
0,10,loss,0.07,38.0,0.0484983105399592,9314.327697690282,8.439288476067055,0.0850380867591602
0,10,naive,0.07,38.0,0.8831915811370307,9649.852484666686,8.285596864448356,0.1216456545514491
0,20,loss,0.07,72.0,0.0142310009708419,8364.352016784065,8.906480588970933,0.0655568382132836
0,20,naive,0.07,72.0,0.9975255742097406,10411.412869444956,7.955706918984254,0.0694719748317128
0,30,loss,0.07,70.0,0.0360913129711439,8792.096785501453,8.689879006087716,0.0714618265547137
0,30,naive,0.07,70.0,0.9950526506739964,10073.621608538837,8.098947272715641,0.0714320584694559
0,40,loss,0.07,86.0,2.2691510043382443,6898.237768847481,9.743422012919176,0.1607277720437554
0,40,naive,0.07,86.0,0.9990011428586832,7616.416376892096,9.313296826811332,0.0642893275976329
0,50,loss,0.07,90.0,0.0021452643926582,5091.785493310708,11.062102614545887,0.0381622103151419
0,50,naive,0.07,90.0,0.9990087478446308,6915.778337871088,9.732392958990747,0.0427186314073354
0,10,loss,0.08,40.0,0.0348058400314936,9182.42899758132,8.50122781985929,0.0723012176680231
0,10,naive,0.08,40.0,0.9280350405446158,9668.883719205143,8.277040235556797,0.120055992924479
0,20,loss,0.08,68.0,0.0110405593527042,8462.216941481378,8.855962059467826,0.0608661754315496
0,20,naive,0.08,68.0,0.6979276866729417,10271.719123552317,8.014372256064405,0.053725874793296
0,30,loss,0.08,82.0,0.0052438362551837,8411.23408398302,8.882206413429142,0.0516894838826207
0,30,naive,0.08,82.0,0.9942291668134032,9646.333442559522,8.28718090866459,0.1222786761118874
0,40,loss,0.08,78.0,0.002333935468533,9104.87659380303,8.53806297062461,0.0373198331065254
0,40,naive,0.08,78.0,0.9990037544053576,9817.034105237555,8.211000610935828,0.041605750561652
0,50,loss,0.08,86.0,0.0039359235506846,8552.653414260913,8.809794877308462,0.0379977385684485
0,50,naive,0.08,86.0,0.999008770819112,10061.240812091644,8.104288170650692,0.0531441980206733
0,10,loss,0.09,38.0,0.0871820163401088,7727.797734830242,9.250246144113897,0.0505092929286843
0,10,naive,0.09,38.0,0.3019109157631286,9107.11244305598,8.53699662142372,0.0087535861713084
0,20,loss,0.09,74.0,0.00483559244525,5371.715747303786,10.829673376314023,0.0348023089409477
0,20,naive,0.09,74.0,0.2896918548350558,8710.445048049101,8.730400156221199,0.0302265820597161
0,30,loss,0.09,86.0,0.0036805872435788,5129.6122400337545,11.0299582390004,0.0420528110529506
0,30,naive,0.09,86.0,0.9990053960936884,7161.275054134412,9.580900062032535,0.0403672841863966
0,40,loss,0.09,90.0,0.0018195041505281,5180.778781792278,10.986853124715532,0.0303706719486361
0,40,naive,0.09,90.0,0.9990081786728696,9743.106262354657,8.243829216966628,0.0429559649992596
0,50,loss,0.09,86.0,0.0015712064582854,5116.209846904318,11.041320116360485,0.0376050387194532
0,50,naive,0.09,86.0,0.9990265176592976,6954.535285415306,9.708122459104748,0.0424661191367571
0,10,loss,0.1,40.0,1.906251910178144,9102.182428776576,8.539348253449711,0.0228501173008908
0,10,naive,0.1,40.0,0.3502449473962855,9732.917199840313,8.248373321196162,0.0627240713857416
0,20,loss,0.1,70.0,0.0043722849618914,8688.511369794089,8.741349870964175,0.0434139193522512
0,20,naive,0.1,70.0,0.999009011882064,9694.425485385964,8.265582840101471,0.0569662383168538
0,30,loss,0.1,76.0,0.0050449751722721,8576.858436676386,8.797521188767295,0.0492946279534402
0,30,naive,0.1,76.0,0.9989777390040392,9707.568904261048,8.259698790194724,0.0854840414679127
0,40,loss,0.1,84.0,0.0013016769438558,8934.085063574026,8.620302776901227,0.0304293663763944
0,40,naive,0.1,84.0,0.9990061927302132,7576.579725040199,9.336071633846338,0.0328623887408986
0,50,loss,0.1,80.0,0.0012426429839764,8991.368671440176,8.59254555540548,0.0249466165940877
0,50,naive,0.1,80.0,0.99902312114073,10326.168850811157,7.991411386289123,0.0070563428170944
1,10,loss,0.0,28.958333333333336,2.088602288635396,1356.4542507399349,16.80675210014121,0.1857910954762484
1,10,naive,0.0,28.958333333333336,0.130976007491255,6272.8399883103775,10.156161514559006,0.1089338085124324
1,20,loss,0.0,42.74666666666667,0.178031835720597,1392.3691953032055,16.69325954455763,0.3996234010300136
1,20,naive,0.0,42.74666666666667,0.6966879698742835,4003.184837651575,12.106747177728309,0.2624772107977202
1,30,loss,0.0,67.06333333333333,0.0345752226667697,1596.64837609981,16.09871077248848,0.345449353800107
1,30,naive,0.0,67.06333333333333,0.9434476238786766,4108.1945701283685,11.994293566310771,0.220203025387355
1,40,loss,0.0,71.85333333333334,0.0180434313747188,1197.7730325040918,17.34705830017956,0.3020208969019053
1,40,naive,0.0,71.85333333333334,0.9846650269940648,4619.455093223368,11.484896112778465,0.2211793172059054
1,50,loss,0.0,73.845,0.0125635842967632,1254.3747348483157,17.14653062838184,0.2847380901241196
1,50,naive,0.0,73.845,0.993892326159828,4590.462952031981,11.512238741598155,0.1945120793241663
1,10,loss,0.01,26.023333333333333,2.04571297598437,2523.0482926312247,14.111547976184546,0.0326179327044197
1,10,naive,0.01,26.023333333333333,0.147754775888249,7158.230125016245,9.582747047549416,0.0451069645885625
1,20,loss,0.01,42.38,0.1133392197126805,2492.377910263207,14.164664673837695,0.3007080212535372
1,20,naive,0.01,42.38,0.8182842979445327,5179.7847081253685,10.98768651704962,0.2320557147346537
1,30,loss,0.01,66.16333333333333,0.0266138374180477,1436.179599343283,16.55871607503055,0.2602931818783993
1,30,naive,0.01,66.16333333333333,0.9597121993992566,4464.64658640838,11.632932742720874,0.214988537324653
1,40,loss,0.01,74.66166666666668,0.0140911204147666,1429.3829683571653,16.57931757856203,0.2324486804855715
1,40,naive,0.01,74.66166666666668,0.9914787984599072,4165.03174957108,11.934620445342352,0.2193490865093728
1,50,loss,0.01,76.79166666666667,0.0101327344723951,1500.128696722458,16.36951841893014,0.2091060781046862
1,50,naive,0.01,76.79166666666667,0.9973436465929656,5696.677574760903,10.574587212716455,0.1808729563164467
1,10,loss,0.02,29.715000000000003,1.5312868273952294,3804.528683250972,12.32779498169108,0.0517183922054485
1,10,naive,0.02,29.715000000000003,0.2300902090900703,7542.57165218631,9.355609163329394,0.0487837580302532
1,20,loss,0.02,53.54,0.0392272273993807,2934.6747967955366,13.455203785491015,0.2308111665595622
1,20,naive,0.02,53.54,0.951875663756151,6102.021121609738,10.276066542867463,0.1767546438770148
1,30,loss,0.02,68.95,0.0145234882019196,1870.5830045381688,15.411033766880898,0.1974544808509764
1,30,naive,0.02,68.95,0.9894508687517204,5229.013467344959,10.946606005096507,0.1722448440455546
1,40,loss,0.02,75.335,0.0081113898569303,1855.607855389832,15.445941585079115,0.1588819830964054
1,40,naive,0.02,75.335,0.9989184502423404,5884.014367657146,10.43406636345627,0.1499820085068239
1,50,loss,0.02,76.35333333333332,0.0066792839344862,1271.54581468948,17.08748348138822,0.1485505766947314
1,50,naive,0.02,76.35333333333332,0.9990063809755688,5414.701149272752,10.795058690300031,0.1413172060616329
1,10,loss,0.03,28.433333333333334,0.5730510973304916,6612.583043706681,9.927092217305882,0.0717988191791688
1,10,naive,0.03,28.433333333333334,0.407696796835176,7538.397032235097,9.358013537336266,0.0526211255223231
1,20,loss,0.03,57.35666666666667,0.0221893688023679,2544.688505816857,14.074457327351489,0.1722163247973918
1,20,naive,0.03,57.35666666666667,0.9862388634914708,6573.182929739941,9.95304642132172,0.1391059354016137
1,30,loss,0.03,70.36833333333334,0.007058590512467,2061.462442282526,14.98904934055557,0.1367309078017438
1,30,naive,0.03,70.36833333333334,0.9990035241269488,5995.828795830641,10.352311373066712,0.136298971055967
1,40,loss,0.03,75.39666666666666,0.0059965058256334,2158.227391651843,14.78983160679955,0.107290633128926
1,40,naive,0.03,75.39666666666666,0.9990019907811628,4894.002163651751,11.234162038493183,0.1250016762857579
1,50,loss,0.03,75.88333333333334,0.0041263195698746,2076.400420666744,14.957692526755338,0.1023412488085502
1,50,naive,0.03,75.88333333333334,0.9990017998919616,4911.860413130308,11.218343444832987,0.0910240038227135
1,10,loss,0.04,28.616666666666667,0.1817022673925059,6538.325359191289,9.97613832787274,0.0697175695813974
1,10,naive,0.04,28.616666666666667,0.6438434289876925,7496.924808478798,9.381972058209849,0.0488628655073375
1,20,loss,0.04,60.845000000000006,0.0143312866835875,2575.328232190383,14.022477720170944,0.1323909809042797
1,20,naive,0.04,60.845000000000006,0.9964500835491618,6135.688910615607,10.252170288037734,0.1187907775809209
1,30,loss,0.04,69.96333333333334,0.0047354565870128,2219.765816226054,14.667732017710902,0.0978055905147791
1,30,naive,0.04,69.96333333333334,0.9990069029474108,5865.212972326392,10.447965744203051,0.0849554117739025
1,40,loss,0.04,73.27,0.0029754132084238,2174.7387039466216,14.75673277163995,0.0914771011647939
1,40,naive,0.04,73.27,0.9990016145965704,5816.898369649142,10.483888848099834,0.0690241074909131
1,50,loss,0.04,74.47833333333334,0.0021347277335211,2225.8866141295243,14.65577323111835,0.0756436346260691
1,50,naive,0.04,74.47833333333334,0.9990016159721874,5686.532106973994,10.582328652900816,0.0481055479585092
1,10,loss,0.05,29.615,0.0960137550165511,5537.187479337727,10.697911326668962,0.0583310000196001
1,10,naive,0.05,29.615,0.8222340945730394,7376.82368633077,9.45210957370043,0.0475134586224041
1,20,loss,0.05,63.48,0.0051177283093607,2346.76038909063,14.426116117073493,0.0906544035920625
1,20,naive,0.05,63.48,0.9990020136285016,5223.7381116108245,10.9509896509961,0.1124703378086487
1,30,loss,0.05,68.77333333333333,0.0047953171751468,2284.8820745435705,14.542165703336376,0.0728916136529048
1,30,naive,0.05,68.77333333333333,0.9990080184979008,5515.37625157336,10.71505216093806,0.0760648798868803
1,40,loss,0.05,72.095,0.0030024823243687,2270.7522263425126,14.569106122064142,0.0696030383906996
1,40,naive,0.05,72.095,0.9990008946475392,5696.567768160394,10.57467092617868,0.0809031039276342
1,50,loss,0.05,73.97166666666666,0.0012792033473104,2296.732166482423,14.519700079892704,0.0535138384802184
1,50,naive,0.05,73.97166666666666,0.9990186511233492,4213.478545528889,11.884395739746328,0.054496729367696
2,10,loss,0.0,28.958333333333336,2.3679636446551675,5746.8828760575,10.536480147521806,0.1877761822119577
2,10,naive,0.0,28.958333333333336,0.0959371160388363,10965.89679351112,7.73036206701402,0.0208056307994668
2,20,loss,0.0,42.74666666666667,2.1625218683362606,4882.079318999397,11.244755297597209,0.0584187917042184
2,20,naive,0.0,42.74666666666667,0.1369584468557078,7645.822701926389,9.296561378712443,0.0644238647224497
2,30,loss,0.0,67.06333333333333,0.3896849088043175,4984.248507233335,11.154806733986575,0.1959760346921941
2,30,naive,0.0,67.06333333333333,0.5126640448766459,7379.662194559709,9.450438785023753,0.1105402969698181
2,40,loss,0.0,71.85333333333334,0.0687857188695044,4570.254564645999,11.531399697823089,0.2196320877042414
2,40,naive,0.0,71.85333333333334,0.8683695926589649,7268.749182312357,9.516206776507264,0.1145990756422348
2,50,loss,0.0,73.845,0.0317373393692029,4570.6408200687365,11.53103266901083,0.2093407905326702
2,50,naive,0.0,73.845,0.9643135864280729,7436.668263142852,9.417019520710069,0.1319521725249193
3,10,loss,0.0,28.958333333333336,2.4225352208614326,6252.566210175639,10.170220615750576,0.1543247840207357
3,10,naive,0.0,28.958333333333336,0.0908468395869366,7698.226419357114,9.266896805017383,0.0486219282682203
3,20,loss,0.0,42.74666666666667,2.0437822437879123,4874.931066175726,11.251118819187216,0.1109133614218834
3,20,naive,0.0,42.74666666666667,0.1405517528392829,7284.1728713647535,9.50700116744904,0.0874976459686603
3,30,loss,0.0,67.06333333333333,0.7932886407653559,4141.7669500686925,11.958947026085546,0.2466241821235495
3,30,naive,0.0,67.06333333333333,0.3572220429346637,6479.60602286489,10.015317604444466,0.163189049241418
3,40,loss,0.0,71.85333333333334,0.3569110489292459,3956.048459365924,12.158187580473394,0.271374810065469
3,40,naive,0.0,71.85333333333334,0.5017172839068998,6433.094466842963,10.046604320188568,0.1354036736051201
3,50,loss,0.0,73.845,0.1570986537269,3931.12727730898,12.185632557560062,0.2695286570485466
3,50,naive,0.0,73.845,0.6926778654932758,7047.396877840538,9.650516311610891,0.1261769538364084
4,10,loss,0.0,28.958333333333336,2.36987268559408,5540.550266627777,10.695274615018562,0.2194357507311728
4,10,naive,0.0,28.958333333333336,0.0949228804735377,9211.534606757888,8.487483728287197,0.0343050490658179
4,20,loss,0.0,42.74666666666667,1.9440259137262987,4246.921658666367,11.85006111066943,0.1778385607108693
4,20,naive,0.0,42.74666666666667,0.1480544609668531,6347.814322667177,10.104561459704197,0.1271833738896236
4,30,loss,0.0,67.06333333333333,0.4804058961418863,3057.736312197711,13.276803301170332,0.3241085018898857
4,30,naive,0.0,67.06333333333333,0.3995228022877285,6128.755129544843,10.257080911248586,0.1354538454299622
4,40,loss,0.0,71.85333333333334,0.1434845958328337,3274.100993827128,12.979882892173556,0.3058559564846857
4,40,naive,0.0,71.85333333333334,0.6890882215668708,5202.399378159103,10.968766717791258,0.1640149186823464
4,50,loss,0.0,73.845,0.0704037745593508,3528.366788484304,12.655066353336322,0.2855748159538633
4,50,naive,0.0,73.845,0.7891671606212577,6604.423984360273,9.932454149692314,0.1178098594299924
5,10,loss,0.0,28.958333333333336,2.35699473336108,3688.586574185116,12.462203797023228,0.1836390930821185
5,10,naive,0.0,28.958333333333336,0.0991408192231531,9366.627265402309,8.414971225637402,0.1042877101141817
5,20,loss,0.0,42.74666666666667,1.593322586246576,5955.728017636102,10.381455044165326,0.2495987302745281
5,20,naive,0.0,42.74666666666667,0.2026564810934673,8058.37589317431,9.068328391255706,0.1818589732358835
5,30,loss,0.0,67.06333333333333,0.636884721698036,5260.821692352084,10.920267785803272,0.3367842945334063
5,30,naive,0.0,67.06333333333333,0.4154750701577265,7897.791177201589,9.15574714347607,0.2000317752336289
5,40,loss,0.0,71.85333333333334,0.3291525252618147,2870.3190211467663,13.551501918607975,0.329614337266751
5,40,naive,0.0,71.85333333333334,0.5590532705176704,7904.449580033776,9.152087272924968,0.19222050446611
5,50,loss,0.0,73.845,0.1687091263715522,2949.1301668247224,13.433864192804638,0.31211344427707
5,50,naive,0.0,73.845,0.7215637651345639,6358.29310928164,10.09739816400594,0.1175105169317288
6,10,loss,0.0,28.958333333333336,2.2713748311474222,4573.336563433389,11.528471974790556,0.3968434337742403
6,10,naive,0.0,28.958333333333336,0.1032608425895486,5275.367092487059,10.908276749655885,0.0310945301316592
6,20,loss,0.0,42.74666666666667,1.8554018138100097,4410.211515001424,11.68620942013425,0.1256821171672588
6,20,naive,0.0,42.74666666666667,0.1686965750832638,7806.397625123883,9.206296922215362,0.094349933091239
6,30,loss,0.0,67.06333333333333,0.2059884519869692,3584.17109332318,12.58691627982561,0.269563032820983
6,30,naive,0.0,67.06333333333333,0.6455667445489673,6193.014273075786,10.211782799361831,0.1000138141937928
6,40,loss,0.0,71.85333333333334,0.0706170803389894,3680.871004132137,12.471297629744186,0.2464603550583457
6,40,naive,0.0,71.85333333333334,0.907565346955022,5965.023921191022,10.37468171231972,0.1515211182828104
6,50,loss,0.0,73.845,0.0413035859174528,3901.60006423696,12.21837611134063,0.2149546995256555
6,50,naive,0.0,73.845,0.9435913230724204,6692.965797998245,9.874617551649608,0.1062256954010059
7,10,loss,0.0,28.958333333333336,2.0245761515609275,4399.360489494347,11.696908107610875,0.1454248118889011
7,10,naive,0.0,28.958333333333336,0.1536403029986273,6060.966449418083,10.305384808956696,0.1793926131481475
7,20,loss,0.0,42.74666666666667,0.4356414286989563,3074.374746976728,13.253235567072531,0.3843838681245919
7,20,naive,0.0,42.74666666666667,0.4474045740126423,5938.109461229699,10.394321618871224,0.1990640616639152
7,30,loss,0.0,67.06333333333333,0.0870418399997242,3521.440634301678,12.663599895686437,0.3223269602948118
7,30,naive,0.0,67.06333333333333,0.7879680846668677,6219.487579196823,10.193257560315176,0.1631618613889361
7,40,loss,0.0,71.85333333333334,0.0344764985814649,3764.246648493858,12.374022884691271,0.2862921688327757
7,40,naive,0.0,71.85333333333334,0.9217437570635272,5677.472704818949,10.589253058977594,0.1964212296206513
7,50,loss,0.0,73.845,0.0192508946933618,4110.874979154345,11.991460917472567,0.2496201232281524
7,50,naive,0.0,73.845,0.9778345394127153,6535.899869378647,9.977749707262667,0.1492349981745063
8,10,loss,0.0,28.958333333333336,2.328802185339037,4975.482034994748,11.162451983998182,0.1298708916590934
8,10,naive,0.0,28.958333333333336,0.1044217940674455,7887.679684882425,9.161310950798638,0.0835487453076433
8,20,loss,0.0,42.74666666666667,2.0134819433716213,6191.972981200001,10.212513082417416,0.1583843876783998
8,20,naive,0.0,42.74666666666667,0.1539503367126092,7119.103975056704,9.606550249805466,0.1619993610089752
8,30,loss,0.0,67.06333333333333,0.9710255348295936,5104.45438291053,11.051310338681017,0.2694366165330276
8,30,naive,0.0,67.06333333333333,0.2884510110455222,7217.232977625878,9.547096359963236,0.1430970007642709
8,40,loss,0.0,71.85333333333334,0.3889013355534938,5105.561469133818,11.050368515579828,0.2873499658801163
8,40,naive,0.0,71.85333333333334,0.4501126041644773,7350.397528871825,9.467695333582991,0.1383912100295432
8,50,loss,0.0,73.845,0.194037815463708,5165.326133594766,10.999826132215578,0.2830309960950687
8,50,naive,0.0,73.845,0.6108991475502896,7965.852421821409,9.11848104612114,0.1417411515687294
9,10,loss,0.0,28.958333333333336,2.23350895017733,5475.356923591396,10.746679259596345,0.1071303059608154
9,10,naive,0.0,28.958333333333336,0.1222982940459487,7076.080226353843,9.63287612709187,0.1148758221032826
9,20,loss,0.0,42.74666666666667,1.0801201537075755,3838.78124683613,12.288869963407112,0.276447322326884
9,20,naive,0.0,42.74666666666667,0.2916186972086154,6472.655157645893,10.019978910538876,0.1445931763938625
9,30,loss,0.0,67.06333333333333,0.4562033804184408,3034.379992252392,13.310103947649994,0.3528879109693599
9,30,naive,0.0,67.06333333333333,0.4556763451917496,5977.924184072285,10.36529958135181,0.1583298209560436
9,40,loss,0.0,71.85333333333334,0.2213878905107075,2895.993084837301,13.512828403664845,0.3773060035862797
9,40,naive,0.0,71.85333333333334,0.6208766589161822,5985.047778152414,10.360127391739145,0.1435660630435531
9,50,loss,0.0,73.845,0.1179732046010132,3096.886750118491,13.221550369118033,0.3662012545949079
9,50,naive,0.0,73.845,0.6830223200197548,6643.143373003852,9.90706735337018,0.1421837130056388
7,10,loss,0.01,27.813333333333333,2.0012597591875,5023.464885750484,11.12076990000062,0.0723503627548589
7,10,naive,0.01,27.813333333333333,0.1540533024397763,7029.414789364358,9.661611900911709,0.088045219837547
7,20,loss,0.01,41.695,0.3926640039446886,3725.672829650475,12.41875646248644,0.3308349988535541
7,20,naive,0.01,41.695,0.4582727322996144,6396.118841940055,10.07163836387945,0.1559440610334901
7,30,loss,0.01,65.24833333333333,0.1347691301930156,4093.92311529651,12.009406786029787,0.2472473430499831
7,30,naive,0.01,65.24833333333333,0.7200910675014954,6610.80375149077,9.928260959939966,0.1274800102730706
7,40,loss,0.01,73.06333333333333,0.0511684346866475,4277.681463500345,11.818719190603192,0.2075455890049357
7,40,naive,0.01,73.06333333333333,0.8766903950830075,6117.802452589792,10.2648491161502,0.1573937900535599
7,50,loss,0.01,76.31,0.0256304106936612,4531.563841196064,11.56832258104906,0.1804915462729777
7,50,naive,0.01,76.31,0.9640723674404594,6745.290493383247,9.84079703085824,0.126574263776408
8,10,loss,0.01,27.813333333333333,2.302751637776609,7719.439273742227,9.254946057606505,0.0436439888654682
8,10,naive,0.01,27.813333333333333,0.1113381297535429,8748.068898348247,8.711681660571092,0.0202214597012212
8,20,loss,0.01,41.695,1.727705036001322,6684.650928549632,9.8800162746929,0.1234762797293926
8,20,naive,0.01,41.695,0.1720781190966961,8442.809524413256,8.865933694662274,0.1004384253224124
8,30,loss,0.01,65.24833333333333,0.6836165750296288,6049.384915543681,10.313691418129991,0.2293242139627986
8,30,naive,0.01,65.24833333333333,0.2648600397144616,7240.559607529694,9.533082276721272,0.1353458616206821
8,40,loss,0.01,73.06333333333333,0.1096570627006816,5713.392421023704,10.561863065199066,0.2454585294659039
8,40,naive,0.01,73.06333333333333,0.5509503706003569,7877.6871434115965,9.166816317403017,0.1072329860042296
8,50,loss,0.01,76.31,0.0415403653385762,3640.5077023417152,12.519184066282229,0.2206475361089641
8,50,naive,0.01,76.31,0.7637222731235606,6422.330291040342,10.053877239339643,0.1007617677688544
9,10,loss,0.01,27.813333333333333,2.187461367278554,5827.267433064391,10.47615411073802,0.0516669474750121
9,10,naive,0.01,27.813333333333333,0.127762656633401,7806.861071708415,9.206039099939709,0.0550553317895244
9,20,loss,0.01,41.695,1.2057975375412215,4422.444995259471,11.674179208472228,0.2062055286197628
9,20,naive,0.01,41.695,0.2772804442151503,7271.678509118306,9.51445690984347,0.1032141735761235
9,30,loss,0.01,65.24833333333333,0.6037912807966439,3603.3899981755208,12.56369092114896,0.2631898976712591
9,30,naive,0.01,65.24833333333333,0.4544793540474049,6373.968135933637,10.086704728037423,0.1257595198500372
9,40,loss,0.01,73.06333333333333,0.3119464440780247,3316.120692838266,12.924500322104864,0.293194256055371
9,40,naive,0.01,73.06333333333333,0.6244777119050423,6270.1896895190885,10.157996813026992,0.1219583664553762
9,50,loss,0.01,76.31,0.2014077447015195,3316.9621510182665,12.92339844940136,0.3014247921196235
9,50,naive,0.01,76.31,0.6396453114406437,6502.593979150014,9.999937232862244,0.1527788106289831
7,10,loss,0.02,15.23,1.947196073703168,5627.350059380154,10.627764288082082,0.0336488536888117
7,10,naive,0.02,15.23,0.1600696594211064,8673.33939105948,8.748940200373182,0.0277860830339225
7,20,loss,0.02,51.72166666666666,0.1927329408495088,4840.519040175564,11.281884281081654,0.2258326048584133
7,20,naive,0.02,51.72166666666666,0.6309735535722631,6890.852238817618,9.74807423470152,0.1126723775278083
7,30,loss,0.02,68.08,0.0363222931791477,4932.959595244656,11.199728025989888,0.1494223532733451
7,30,naive,0.02,68.08,0.9326234075610654,7138.090704568332,9.594982985815236,0.0935378620243592
7,40,loss,0.02,73.935,0.0126503324756055,5138.514978969193,11.022427340171706,0.1084094940718016
7,40,naive,0.02,73.935,0.9895171916319772,6853.997874860267,9.77136395430701,0.1039763738894515
7,50,loss,0.02,76.38333333333334,0.007572434700212,5304.062146824183,10.884717568843364,0.0918546088422063
7,50,naive,0.02,76.38333333333334,0.9978767019052802,7122.470586016433,9.604496964779305,0.1024898893234497
8,10,loss,0.02,15.23,2.1965582682530207,6111.030665259987,10.269658978452227,0.0196354107086871
8,10,naive,0.02,15.23,0.1229021691170214,8639.156294271965,8.76609029804955,0.0090449121424474
8,20,loss,0.02,51.72166666666666,1.234909826177636,7378.168886345083,9.451317688591692,0.09353440999762
8,20,naive,0.02,51.72166666666666,0.2021560949931897,7379.645031895807,9.450448885294872,0.0587834592622102
8,30,loss,0.02,68.08,0.2868931013055339,7125.982144486523,9.60235631059578,0.1533687497000992
8,30,naive,0.02,68.08,0.4018889188431631,7488.034907250311,9.387125005664334,0.1009769434964876
8,40,loss,0.02,73.935,0.048040063203947,6637.498294767698,9.910759383524828,0.1411334861119584
8,40,naive,0.02,73.935,0.8212838907438842,8295.031144819657,8.942623398869252,0.0763805814618183
8,50,loss,0.02,76.38333333333334,0.0229119845288431,4152.973523707662,11.947211984901092,0.1186412810147597
8,50,naive,0.02,76.38333333333334,0.947064783897804,9255.51577416364,8.466797355497283,0.0845037319596522
9,10,loss,0.02,15.23,2.076873083803087,6148.097160855497,10.243396386553664,0.0321376206957276
9,10,naive,0.02,15.23,0.1415346923143571,6685.496740115032,9.879466794903784,0.0355676921994378
9,20,loss,0.02,51.72166666666666,0.9137039784714728,5181.05072564034,10.986625165526387,0.1633276078206294
9,20,naive,0.02,51.72166666666666,0.3030250418205082,7532.3372147401,9.36150606185182,0.0811078095388625
9,30,loss,0.02,68.08,0.1562440336310856,4688.614646847667,11.420358209473392,0.2153396485298557
9,30,naive,0.02,68.08,0.6590850201869112,6676.478329653254,9.8853291714961,0.1071600529259419
9,40,loss,0.02,73.935,0.0510021929084567,4551.857666899063,11.548916873242094,0.2000352554091994
9,40,naive,0.02,73.935,0.896232563876803,6462.623735299227,10.026714895561271,0.1297276304560186
9,50,loss,0.02,76.38333333333334,0.0330445820211924,4773.012459730325,11.342877927943412,0.1710087909407735
9,50,naive,0.02,76.38333333333334,0.8646950681454454,7382.703865202711,9.448649125033787,0.0975289305750924
7,10,loss,0.03,14.016666666666666,1.964338699497844,6721.377647752,9.856220634842174,0.0224109410944989
7,10,naive,0.03,14.016666666666666,0.1572340434726897,8897.579305219928,8.638084932545828,0.0175097272623485
7,20,loss,0.03,54.71666666666667,0.0879598306837349,5626.413915569934,10.62848682339185,0.1344334516463659
7,20,naive,0.03,54.71666666666667,0.7694475299089636,6843.376080877828,9.77809953362908,0.0873650727701366
7,30,loss,0.03,68.30666666666667,0.0180134754318571,5362.916315611785,10.836793406998414,0.0991967390441966
7,30,naive,0.03,68.30666666666667,0.9813165597042252,7516.661502003805,9.370553677751923,0.0534670412174033
7,40,loss,0.03,72.89166666666667,0.0063240668071468,5076.92644209577,11.074794897665026,0.0770578064640724
7,40,naive,0.03,72.89166666666667,0.9989506095971228,7066.416449851669,9.63881132447397,0.0858189958890849
7,50,loss,0.03,74.62666666666667,0.0040962526360556,5133.199092958298,11.02692252014051,0.071720482585035
7,50,naive,0.03,74.62666666666667,0.9990016598781456,7485.556600600564,9.38856262323486,0.0537269077915563
8,10,loss,0.03,14.016666666666666,2.0438027289266394,6287.102205758948,10.146298403878776,0.0128649579651492
8,10,naive,0.03,14.016666666666666,0.1461712620410608,8611.407902280891,8.780061996342791,0.0081463564690483
8,20,loss,0.03,54.71666666666667,0.7436209152015173,7604.275230293419,9.320225334695472,0.0889053601546027
8,20,naive,0.03,54.71666666666667,0.2932214516124267,7155.631690968744,9.58432382060385,0.0667344389137945
8,30,loss,0.03,68.30666666666667,0.1201235003855423,6933.253745481936,9.721432659271777,0.12596147700177
8,30,naive,0.03,68.30666666666667,0.6385322536583445,7738.65592886661,9.24414823100375,0.0753255094924788
8,40,loss,0.03,72.89166666666667,0.0222831283077981,6795.761652586993,9.808422223927206,0.1035983549025482
8,40,naive,0.03,72.89166666666667,0.9310669530016614,8315.274980615839,8.932037452450896,0.0721471035235868
8,50,loss,0.03,74.94666666666666,0.0110542937607346,4183.520429457763,11.915384667432363,0.086579902568137
8,50,naive,0.03,74.94666666666666,0.9862350083317856,8905.096925748556,8.634417100513916,0.0768680607154276
9,10,loss,0.03,14.016666666666666,2.0315858078812417,6328.912548130773,10.117512661613898,0.0218600433652808
9,10,naive,0.03,14.016666666666666,0.1560019303257052,6804.433136331461,9.802884100232776,0.0273273236368608
9,20,loss,0.03,54.71666666666667,0.3965622481397128,6394.250979639943,10.072906821800489,0.1120535990704504
9,20,naive,0.03,54.71666666666667,0.388270037045071,7732.284431649714,9.24772539719368,0.0640980794236572
9,30,loss,0.03,68.30666666666667,0.0553072194478505,5262.542703346475,10.918847278906965,0.1408004195353527
9,30,naive,0.03,68.30666666666667,0.8336080020669343,7054.9444636036405,9.645867615224644,0.0813301385439589
9,40,loss,0.03,72.89166666666667,0.0231073851202142,5163.652083752939,11.00123388155884,0.1227864853019981
9,40,naive,0.03,72.89166666666667,0.9726852367808044,6910.183749359182,9.73590764973924,0.0990284881987554
9,50,loss,0.03,74.94666666666666,0.0159190621334563,5351.6634515383785,10.845915665968349,0.0975583921391052
9,50,naive,0.03,74.94666666666666,0.9087311376975392,8093.172025944867,9.04961589148954,0.0419257831032123
7,10,loss,0.04,16.858333333333334,1.885863061531501,6898.975107662313,9.742957829055744,0.0140503819484954
7,10,naive,0.04,16.858333333333334,0.1627026954529673,8932.362136278123,8.621140389227037,0.0134985487640947
7,20,loss,0.04,57.64333333333334,0.047074077792569,5337.810281726185,10.85717226984733,0.0895194460422979
7,20,naive,0.04,57.64333333333334,0.8730042339185757,7012.774892857504,9.67190462416708,0.0678237913510351
7,30,loss,0.04,67.64333333333333,0.012485413332198,5691.053422100374,10.578876985042683,0.0666918228706996
7,30,naive,0.04,67.64333333333333,0.9902665907938216,7450.267622249375,9.409084874781932,0.0541061984016495
7,40,loss,0.04,71.08166666666666,0.0074531235217442,5290.383104831385,10.895932381163025,0.0565058200833346
7,40,naive,0.04,71.08166666666666,0.9990113330841068,7498.469289234472,9.381077437544867,0.078743605872626
7,50,loss,0.04,72.33833333333334,0.0034176869487906,5312.566896064882,10.87775949120804,0.0589083795458664
7,50,naive,0.04,72.33833333333334,0.9990073984799897,7143.483646394297,9.59170306032522,0.0637433924901627
8,10,loss,0.04,16.858333333333334,1.5066254663715837,6611.635148195419,9.9277148110724,0.0151257373404026
8,10,naive,0.04,16.858333333333334,0.1791927885345108,9309.884148138,8.441360841977852,0.012571077792107
8,20,loss,0.04,57.64333333333334,2.39546443496918,5118.545951852653,11.039337543398752,0.2938159633008009
8,20,naive,0.04,57.64333333333334,0.3720900510795009,7254.652021598888,9.524637750691822,0.0572085607057688
8,30,loss,0.04,67.64333333333333,2.43909097350513,5113.011163332321,11.044036199371224,0.2569598722355488
8,30,naive,0.04,67.64333333333333,0.8078078185411972,7637.27701166843,9.301418176848204,0.0777271464326288
8,40,loss,0.04,71.14833333333334,0.0146306898484185,6329.0039815623695,10.117449919795822,0.07243336086856
8,40,naive,0.04,71.14833333333334,0.9781400579709132,8326.513898231375,8.926171495755277,0.064141043512645
8,50,loss,0.04,73.03666666666668,0.0065346870227165,4339.27710656199,11.75662975774872,0.0623116680178756
8,50,naive,0.04,73.03666666666668,0.9963702626612564,9466.992503478505,8.368683276503123,0.0639039120775588
9,10,loss,0.04,16.858333333333334,1.7996300473137683,6325.057879845008,10.120158568252268,0.0206818525599197
9,10,naive,0.04,16.858333333333334,0.1866920510635549,6740.935054016407,9.843602179478063,0.0306329294455044
9,20,loss,0.04,57.64333333333334,0.2279377880527773,6392.344091552891,10.0742021642671,0.0930979500033485
9,20,naive,0.04,57.64333333333334,0.5202877550889617,7862.313964273729,9.175299784394134,0.0653949205380005
9,30,loss,0.04,67.64333333333333,0.037169212671154,5442.592010451468,10.7727458107052,0.1037019567930933
9,30,naive,0.04,67.64333333333333,0.86859791476984,7028.1605292135,9.662386882729676,0.064759141856478
9,40,loss,0.04,71.14833333333334,0.014081009849827,5412.9941765613385,10.79642801001796,0.0850426558871813
9,40,naive,0.04,71.14833333333334,0.9915570374568974,7135.110206031174,9.596796754282352,0.0753346980964967
9,50,loss,0.04,73.03666666666668,0.010850026443222,5452.762990738175,10.764637397722408,0.0737034588193314
9,50,naive,0.04,73.03666666666668,0.959112642508004,8047.139402094282,9.074388361116126,0.0367304554012944
7,10,loss,0.05,22.328333333333333,1.6606730003446937,7163.756982421227,9.579395161006866,0.0089873235952154
7,10,naive,0.05,22.328333333333333,0.1822665278548202,8524.44869113018,8.824140597889777,0.0150280330165758
7,20,loss,0.05,58.25333333333334,0.0268294486861122,5458.615136573533,10.759978857146448,0.0643157287691669
7,20,naive,0.05,58.25333333333334,0.9476178667472428,7215.162670653117,9.54834233869358,0.0502099543719114
7,30,loss,0.05,66.75333333333333,0.0092708981465328,5294.218276501922,10.892785179097402,0.0536591267096134
7,30,naive,0.05,66.75333333333333,0.9901279784114876,7723.621225747725,9.25259393482096,0.0221352690278429
7,40,loss,0.05,68.56,0.0035964069387285,5338.467489570626,10.856637585855816,0.0473645911620665
7,40,naive,0.05,68.56,0.999007067658104,6840.7338071463,9.779776697763149,0.0663851264958887
7,50,loss,0.05,70.30833333333332,0.0023663576115,5409.310481819657,10.799384512189375,0.0491185100294769
7,50,naive,0.05,70.30833333333332,0.9990032998640248,7952.908993649066,9.125543480847336,0.0324332586972733
8,10,loss,0.05,22.328333333333333,0.9302747593395324,7704.021933581219,9.263628503002728,0.0172398940931293
8,10,naive,0.05,22.328333333333333,0.2222557396025375,9333.553780324582,8.430333266259368,0.0085911903038285
8,20,loss,0.05,58.25333333333334,2.3882634506821887,5125.145329014542,11.03374176077833,0.3003480989699099
8,20,naive,0.05,58.25333333333334,0.4213989272378073,7192.527890488091,9.56198806237199,0.0594634486973388
8,30,loss,0.05,66.75333333333333,2.423247781657779,5114.102714421256,11.043109144833442,0.2703840157132796
8,30,naive,0.05,66.75333333333333,0.9237525295130256,6206.572465349553,10.202285304711442,0.0763691838149738
8,40,loss,0.05,69.23333333333333,0.0097953105007614,6437.558915960246,10.043591441764343,0.0502692792317582
8,40,naive,0.05,69.23333333333333,0.9935709637885888,8420.155590308168,8.87760244262802,0.0575697619797977
8,50,loss,0.05,71.63166666666667,0.0044331863690927,5671.437883442746,10.593871810442067,0.0489384812368775
8,50,naive,0.05,71.63166666666667,0.9990028989124142,6562.090858402426,9.960381215552127,0.0515860770180063
9,10,loss,0.05,22.328333333333333,1.2184528087417517,6964.297547218148,9.702030429438114,0.0209255234131231
9,10,naive,0.05,22.328333333333333,0.2339663456546895,6672.946370206262,9.887627263838526,0.0307547322635231
9,20,loss,0.05,58.25333333333334,0.1348205323142638,6390.83651871425,10.07522652680704,0.0762885523530703
9,20,naive,0.05,58.25333333333334,0.6179424338576011,7931.82548467255,9.137072105385643,0.0564821380974196
9,30,loss,0.05,66.75333333333333,0.0241161969595042,5669.808070245225,10.59512003111549,0.0748350121724611
9,30,naive,0.05,66.75333333333333,0.9369805617815886,7224.560872967659,9.54268906151133,0.0495994808226546
9,40,loss,0.05,69.23333333333333,0.0087500857603823,5610.393467633628,10.640870406402955,0.0640902167695606
9,40,naive,0.05,69.23333333333333,0.9980515861269944,7314.937513444432,9.488697402742751,0.0605230499812881
9,50,loss,0.05,70.31833333333334,0.0068148452398152,5742.689229834405,10.539650461399184,0.0505467360594372
9,50,naive,0.05,70.31833333333334,0.99811037053962,6418.60582458097,10.05639654986675,0.0211282475960157
2,10,loss,0.01,27.813333333333333,2.387643652220081,5811.637142495602,10.487818701647337,0.2467525526169781
2,10,naive,0.01,27.813333333333333,0.0946045463607571,11074.379334014826,7.6876096541893135,0.0180913731002645
2,20,loss,0.01,41.695,1.8788780432433656,5087.930003748471,11.065392329120844,0.0759618678452456
2,20,naive,0.01,41.695,0.1666822343662269,7195.299047404131,9.560315122911152,0.0636593201115773
2,30,loss,0.01,65.24833333333333,0.7151522472534115,5294.986819770289,10.89215477464663,0.107004923110141
2,30,naive,0.01,65.24833333333333,0.3905088918917566,7562.559344302673,9.344115652335589,0.0821426313304385
2,40,loss,0.01,73.06333333333333,0.1990992025325701,5514.37584460772,10.715839977785144,0.1423384240435505
2,40,naive,0.01,73.06333333333333,0.7739300669376318,7584.772403744337,9.331378074235952,0.0844714578661649
2,50,loss,0.01,76.31,0.064702771303331,5203.491621002428,10.967855012985712,0.1444376192456894
2,50,naive,0.01,76.31,0.9550434290107516,7572.751121614567,9.338266768923098,0.1118680063426155
3,10,loss,0.01,27.813333333333333,2.40905327062088,6271.715876628234,10.156939852998663,0.1530216732262404
3,10,naive,0.01,27.813333333333333,0.091823551440057,7623.811336718325,9.309082204092002,0.0298939526984815
3,20,loss,0.01,41.695,2.098393656509948,5320.882592942691,10.870966846907296,0.0625273862447928
3,20,naive,0.01,41.695,0.1345324640253458,7668.949740680679,9.283444692863824,0.0541077010967691
3,30,loss,0.01,65.24833333333333,0.5834892911531119,4854.786796100574,11.269101987784047,0.2113651634561622
3,30,naive,0.01,65.24833333333333,0.402145833066892,6594.862703215223,9.938746023587925,0.1375305153234523
3,40,loss,0.01,73.06333333333333,0.1557913401034847,4415.965017899657,11.68054736498516,0.2477246004423846
3,40,naive,0.01,73.06333333333333,0.6217444152913226,6839.205014693243,9.780747383579437,0.1141963578185062
3,50,loss,0.01,76.31,0.0560919937808276,4327.102658801946,11.768831620818672,0.2243680582403966
3,50,naive,0.01,76.31,0.8819445008157232,7295.007603777917,9.500546119616654,0.1103860551525604
4,10,loss,0.01,27.813333333333333,2.362591622696724,5604.095836249407,10.645748072737312,0.2807221541758764
4,10,naive,0.01,27.813333333333333,0.0968650691984703,9252.567030810764,8.46818120815348,0.0220736953208738
4,20,loss,0.01,41.695,2.012681283843155,4884.994514499214,11.242162804946044,0.0974575746865884
4,20,naive,0.01,41.695,0.132727413319794,6978.730126692197,9.69303956746692,0.0583651652721727
4,30,loss,0.01,65.24833333333333,0.4212412389735316,4146.19769168249,11.954303553532029,0.2617660162068568
4,30,naive,0.01,65.24833333333333,0.3842434621832309,6566.028734303901,9.957775819076808,0.1075487436906775
4,40,loss,0.01,73.06333333333333,0.1354462672855081,3705.4093607381615,12.442441665582583,0.2729140075919623
4,40,naive,0.01,73.06333333333333,0.6925412071238513,5691.9423412563465,10.578198687882416,0.1259763861782044
4,50,loss,0.01,76.31,0.0652722640510512,3778.4662106112887,12.357648180274092,0.2511809687090827
4,50,naive,0.01,76.31,0.7972450059559865,6990.706843448569,9.685592705744192,0.1011951844008786
5,10,loss,0.01,27.813333333333333,2.37014116566993,3765.3134626037736,12.372792237807746,0.341596327697561
5,10,naive,0.01,27.813333333333333,0.0986357302697321,6257.010960726868,10.167134451138146,0.0273115680310642
5,20,loss,0.01,41.695,1.6096229279090504,7016.750081864949,9.669443524878588,0.1744578361242608
5,20,naive,0.01,41.695,0.203621651300133,8793.504323025196,8.689183794389045,0.1293337951502765
5,30,loss,0.01,65.24833333333333,0.4149501755484315,6327.461488529621,10.118508503201111,0.2739888744318216
5,30,naive,0.01,65.24833333333333,0.477714268029943,8320.538925025847,8.929289042184257,0.1726353387816283
5,40,loss,0.01,73.06333333333333,0.1276428374891831,6562.982363339763,9.959791236861834,0.2374781398303019
5,40,naive,0.01,73.06333333333333,0.6952403859402269,8219.420359199412,8.982391690793508,0.1763605175031668
5,50,loss,0.01,76.31,0.0552893419111321,7061.907605759607,9.641583296815083,0.1840013132802354
5,50,naive,0.01,76.31,0.8871641880459156,7396.898561397008,9.44030697895028,0.0947783685851619
6,10,loss,0.01,27.813333333333333,2.2777293349168457,4585.469713387044,11.516965315524626,0.4185486311410514
6,10,naive,0.01,27.813333333333333,0.103180827392994,9317.2610012872,8.43792099463861,0.0185988270633356
6,20,loss,0.01,41.695,1.695142894208488,4717.302551693924,11.39386629562338,0.1031233609513402
6,20,naive,0.01,41.695,0.1823219258882695,8616.929583913123,8.777278168886737,0.0735551312338135
6,30,loss,0.01,65.24833333333333,0.1876733987528627,4406.714363003661,11.68965459800161,0.1851139647230003
6,30,naive,0.01,65.24833333333333,0.5876365377335332,5255.869757684316,10.924357661540547,0.0865573134299284
6,40,loss,0.01,73.06333333333333,0.0570545655620044,3968.059703711874,12.145021629105802,0.1920513962225309
6,40,naive,0.01,73.06333333333333,0.889186776441494,6369.920293368014,10.08946362813096,0.099950814784742
6,50,loss,0.01,76.31,0.0315824945778795,2569.4648650477898,14.032376773640143,0.1808767425944598
6,50,naive,0.01,76.31,0.916971381953962,5541.561241460056,10.69448223751559,0.1003652474101449
2,10,loss,0.02,15.23,2.404898949031028,5817.136497694619,10.483711063354765,0.2493943364614429
2,10,naive,0.02,15.23,0.0953261149375684,10972.053643830268,7.727924386067162,0.0237418817586737
2,20,loss,0.02,51.72166666666666,1.5407897175151186,4926.538750325002,11.205384577295517,0.1063446283060819
2,20,naive,0.02,51.72166666666666,0.2082538110754071,6815.231574497423,9.795997435706292,0.083019557971669
2,30,loss,0.02,68.08,0.1712712385115326,5367.73649030768,10.832891733072517,0.1013897531170184
2,30,naive,0.02,68.08,0.6491097353118087,7522.106686233119,9.367408721280118,0.0684160786792846
2,40,loss,0.02,73.935,0.0476499945193224,5383.3691047865,10.820262031074904,0.1252445248472775
2,40,naive,0.02,73.935,0.9195143432000716,7608.284372453722,9.317936241468349,0.0690021714013031
2,50,loss,0.02,76.38333333333334,0.0231221686408073,5239.2285486991,10.93813016958254,0.1196668628102193
2,50,naive,0.02,76.38333333333334,0.9822551488139116,7716.447069212135,9.25662979367912,0.1004619133314292
3,10,loss,0.02,15.23,2.3905382127314527,6242.1669764892185,10.177449791086124,0.1169142318144338
3,10,naive,0.02,15.23,0.0967512167914668,7697.088059388959,9.267539056858585,0.0318804642008286
3,20,loss,0.02,51.72166666666666,1.4887433094211209,6110.698794462131,10.269894836489703,0.0475959029207709
3,20,naive,0.02,51.72166666666666,0.1997240266667037,7797.29233910825,9.211365436048489,0.0304822911991335
3,30,loss,0.02,68.08,0.2532669151902657,5547.562470955628,10.689781593575464,0.149341392665474
3,30,naive,0.02,68.08,0.5777338408039338,7106.564280022524,9.61420672213557,0.0889427969345676
3,40,loss,0.02,73.935,0.0709278832564213,4802.928527149495,11.31574236959645,0.1838207077144249
3,40,naive,0.02,73.935,0.8011719809014564,7157.109300061017,9.583427112589826,0.0888833915922459
3,50,loss,0.02,76.38333333333334,0.0288990029798686,4754.058648873431,11.36015825729643,0.1578776923734851
3,50,naive,0.02,76.38333333333334,0.9685468566591624,7782.153986414337,9.219805408781625,0.0794089353451945
4,10,loss,0.02,15.23,2.3508387913482824,5606.479189076562,10.64390146452227,0.2835216991553975
4,10,naive,0.02,15.23,0.0984029918320027,9308.115446455378,8.442185997633597,0.0158021218633732
4,20,loss,0.02,51.72166666666666,1.4053131327130324,5062.964577953007,11.086754719273188,0.1087423703822332
4,20,naive,0.02,51.72166666666666,0.184284359795517,7001.479647056895,9.678905301900144,0.0421557940465853
4,30,loss,0.02,68.08,0.2635127827517873,4663.920006446385,11.44329267885574,0.1977832352830151
4,30,naive,0.02,68.08,0.5230086990210082,7102.588164155799,9.6166372755865,0.0638698527277935
4,40,loss,0.02,73.935,0.0813739813654309,4532.214990962171,11.567698579170736,0.1687793059294703
4,40,naive,0.02,73.935,0.842340196540395,5946.39874785847,10.388263325230064,0.1111347517584727
4,50,loss,0.02,76.38333333333334,0.0439427663437559,4586.557966720076,11.515934742054617,0.1490982842756427
4,50,naive,0.02,76.38333333333334,0.9160518759750568,8966.270026086466,8.604685470303687,0.08597745281147
5,10,loss,0.02,15.23,2.3790893610477646,3770.756869779792,12.366518299253126,0.3479302484223125
5,10,naive,0.02,15.23,0.1115749190131987,6451.110744302775,10.034458635054412,0.0195251566295265
5,20,loss,0.02,51.72166666666666,0.780595212547493,7628.992060682405,9.306131979326404,0.1926647913844475
5,20,naive,0.02,51.72166666666666,0.314544751234099,9198.088208228311,8.493827907937176,0.0929692611780887
5,30,loss,0.02,68.08,0.1316687751683784,7899.111742138062,9.155021033973252,0.1656355180767134
5,30,naive,0.02,68.08,0.7121745341996001,9269.125016974882,8.460416211392234,0.1181447877549681
5,40,loss,0.02,73.935,0.0541594313770982,7928.930828324324,9.13865731767715,0.1349387791341062
5,40,naive,0.02,73.935,0.8112360354177517,8833.62528731362,8.669413878499391,0.1364582580495991
5,50,loss,0.02,76.38333333333334,0.0212446039390918,8210.510079933432,8.987102222601465,0.0997549826230839
5,50,naive,0.02,76.38333333333334,0.9719747365936536,6975.79922884324,9.694863882352948,0.068251491486955
6,10,loss,0.02,15.23,2.283503454917212,4589.502315009305,11.513147676103785,0.4234362558774273
6,10,naive,0.02,15.23,0.10432380055788,9319.747528198608,8.436762133846733,0.0222286526225476
6,20,loss,0.02,51.72166666666666,0.2627068653395173,5603.121967307702,10.646502846876547,0.1484761137686702
6,20,naive,0.02,51.72166666666666,0.4340040879821084,8583.659163670569,8.79407896350357,0.0772872108814548
6,30,loss,0.02,68.08,0.0703763080465468,3258.3447746639163,13.000833245381806,0.1575320398099789
6,30,naive,0.02,68.08,0.7500862593840244,5238.895971609592,10.938405860894564,0.0819258101866676
6,40,loss,0.02,73.935,0.0267787293375086,4400.178062557326,11.696101093768672,0.1355810572479893
6,40,naive,0.02,73.935,0.970182540106384,6472.558261840685,10.02004392501513,0.1065633580069089
6,50,loss,0.02,76.38333333333334,0.0180587589974333,4487.695142404707,11.610570140610536,0.1209145343774716
6,50,naive,0.02,76.38333333333334,0.9720841309919812,5818.598029289999,10.482620053399412,0.0790975468961849
2,10,loss,0.03,14.016666666666666,2.421416977172987,5817.887900227009,10.4831501191525,0.2499128058687565
2,10,naive,0.03,14.016666666666666,0.0957023243387935,11068.660474101414,7.689852949942667,0.0170636363231563
2,20,loss,0.03,54.71666666666667,0.9464223492594044,5318.886296471252,10.872596544997498,0.1221185901557133
2,20,naive,0.03,54.71666666666667,0.2763550374773157,6807.470098957851,9.800946184410904,0.0818715472504178
2,30,loss,0.03,68.30666666666667,0.0521207624197116,6082.929522664702,10.289675761483918,0.0925100690756705
2,30,naive,0.03,68.30666666666667,0.8125702604569531,7459.028773594947,9.403980783989931,0.0610588926745273
2,40,loss,0.03,72.89166666666667,0.0266440278704209,4737.834480182984,11.375004766210605,0.0906196278786006
2,40,naive,0.03,72.89166666666667,0.9737471288405994,6940.937858419153,9.716622046468602,0.0638409483572235
2,50,loss,0.03,74.94666666666666,0.0148227170803783,5571.438379584369,10.67113029307736,0.0934486324719173
2,50,naive,0.03,74.94666666666666,0.9920320525727035,7712.592985062116,9.25879947825842,0.0963169108879804
3,10,loss,0.03,14.016666666666666,2.358253272335059,6160.877109986268,10.234378147895027,0.0617409244774355
3,10,naive,0.03,14.016666666666666,0.1070857980331378,7669.613467893264,9.28306883879956,0.0357008257957129
3,20,loss,0.03,54.71666666666667,0.6803275361969519,7076.029178639035,9.63290745774403,0.0432656852410893
3,20,naive,0.03,54.71666666666667,0.3394249643381206,7816.1156332911,9.200893850639527,0.0268467971865493
3,30,loss,0.03,68.30666666666667,0.117900944576996,5827.188285642874,10.476213098114613,0.0948886304427251
3,30,naive,0.03,68.30666666666667,0.7399733125409593,7201.536384806309,9.556552016223195,0.0631736233680027
3,40,loss,0.03,72.89166666666667,0.0384989422616469,5183.326012051306,10.984718356513334,0.122274565293169
3,40,naive,0.03,72.89166666666667,0.912509837235305,7263.402873179863,9.519402273844037,0.0687562643457727
3,50,loss,0.03,74.94666666666666,0.0138964307090206,5137.432652168605,11.023342192165352,0.0979112593029095
3,50,naive,0.03,74.94666666666666,0.9954831378739116,8065.433373663388,9.06452652908088,0.0583892418156069
4,10,loss,0.03,14.016666666666666,2.3369768636351167,5607.568379648995,10.643057827193395,0.2841084467365405
4,10,naive,0.03,14.016666666666666,0.0997119651576776,6891.268696245152,9.74781177123362,0.017865825285809
4,20,loss,0.03,54.71666666666667,0.9098190394955484,5577.161537898239,10.666671372115973,0.0881350380880211
4,20,naive,0.03,54.71666666666667,0.2623593128070862,6973.660617213718,9.69619552852013,0.0444378657063537
4,30,loss,0.03,68.30666666666667,0.1204003173463653,5298.39612116158,10.889359367663312,0.1323296239606285
4,30,naive,0.03,68.30666666666667,0.6618719253211356,6918.4527987748825,9.730713785619155,0.0460685797923199
4,40,loss,0.03,72.89166666666667,0.0369948935366628,5194.833048912966,10.97508766068252,0.0984113676213403
4,40,naive,0.03,72.89166666666667,0.9465152211787248,6272.294171279843,10.156539422553651,0.0947242174116844
4,50,loss,0.03,74.94666666666666,0.0239387574834395,5233.594589242643,10.942802830825858,0.0852553747902663
4,50,naive,0.03,74.94666666666666,0.9729013354066354,9226.120689741694,8.480612294179029,0.0738900700465325
5,10,loss,0.03,14.016666666666666,2.3878267242405147,3769.648965773375,12.367794508015416,0.3472146550269858
5,10,naive,0.03,14.016666666666666,0.1343087129539663,6390.254842676817,10.075621827468536,0.0222789012846758
5,20,loss,0.03,54.71666666666667,0.3268590820184838,8359.670533460643,8.908911992565947,0.1607353853002118
5,20,naive,0.03,54.71666666666667,0.4556079959581807,9631.321484861712,8.293944814059849,0.0616351164258467
5,30,loss,0.03,68.30666666666667,0.0539771549487892,8594.731922182316,8.788480256892393,0.0964102256074325
5,30,naive,0.03,68.30666666666667,0.8839237878202467,9723.900066510454,8.252398739613264,0.0795561377927671
5,40,loss,0.03,72.89166666666667,0.0286475721276259,8478.832409505312,8.847443096750343,0.0859364335125401
5,40,naive,0.03,72.89166666666667,0.9154841310000452,9319.33402885122,8.436954826264888,0.1008839419883273
5,50,loss,0.03,74.94666666666666,0.0111283065861019,5380.009377597108,10.82297328206144,0.0664805786133313
5,50,naive,0.03,74.94666666666666,0.99460684690142,7668.931548558235,9.283454995119062,0.0631899161973928
6,10,loss,0.03,14.016666666666666,2.2779529943861965,4469.286648865902,11.628421507525545,0.1517620939687816
6,10,naive,0.03,14.016666666666666,0.1346367732026421,8977.059306462104,8.599462665317246,0.0344747499859688
6,20,loss,0.03,54.71666666666667,0.077769741269246,5367.262098981592,10.833275572033653,0.121760351864238
6,20,naive,0.03,54.71666666666667,0.7265638006127628,8624.071884497085,8.773679930217325,0.0796157338089574
6,30,loss,0.03,68.30666666666667,0.0364341482848266,3364.38094891476,12.861751957858528,0.1206943232521965
6,30,naive,0.03,68.30666666666667,0.7986267150051278,5351.680454718298,10.845901867687587,0.0634076051528385
6,40,loss,0.03,72.89166666666667,0.0138987124527167,4728.656770043023,11.383425690106735,0.0963484983091947
6,40,naive,0.03,72.89166666666667,0.9930451661752954,6707.2675391191215,9.865347310673227,0.0885160080577711
6,50,loss,0.03,74.94666666666666,0.0106553281796917,4794.929309167176,11.32298152044215,0.0891166748940119
6,50,naive,0.03,74.94666666666666,0.9877833511254231,6031.082305039717,10.326851056218487,0.0676416762660316
2,10,loss,0.04,16.858333333333334,2.4374132367818167,5817.532976120499,10.483415071460868,0.2499927244766517
2,10,naive,0.04,16.858333333333334,0.0957713855688309,10943.760163449626,7.739137941117273,0.0165183783838047
2,20,loss,0.04,57.64333333333334,0.3396211939326234,6132.167607823526,10.254663441444627,0.1091773002190287
2,20,naive,0.04,57.64333333333334,0.3977474318123442,6811.08176116693,9.798642672230187,0.0782156741981297
2,30,loss,0.04,67.64333333333333,0.0247987261187648,6132.771895106042,10.254235492114043,0.0714958234799681
2,30,naive,0.04,67.64333333333333,0.8597782789466479,7640.77213835816,9.299431124382965,0.0515978382569199
2,40,loss,0.04,71.14833333333334,0.0143138160002023,4922.887094095444,11.208604854798018,0.0638067327002881
2,40,naive,0.04,71.14833333333334,0.9943498449840584,6952.088543272477,9.709650661255502,0.0672331207371161
2,50,loss,0.04,73.03666666666668,0.0081239182541937,5907.438302728285,10.416811663103635,0.0647324199520409
2,50,naive,0.04,73.03666666666668,0.9986403292337857,7875.365654819225,9.168096335575596,0.0898400803416489
3,10,loss,0.04,16.858333333333334,2.251958059843752,6006.8109604459205,10.34436396329752,0.0249136665988849
3,10,naive,0.04,16.858333333333334,0.1226864967134345,7579.777188726724,9.33423921347824,0.0423156485996419
3,20,loss,0.04,57.64333333333334,0.2539335809432043,7330.123192110906,9.479690872903028,0.0303236471101724
3,20,naive,0.04,57.64333333333334,0.5080600490610417,7870.9747132781085,9.170518437075394,0.0139277116379893
3,30,loss,0.04,67.64333333333333,0.0674832925547937,5903.85510327858,10.419446706943145,0.0647391467534791
3,30,naive,0.04,67.64333333333333,0.8590984683497105,7465.2119754359,9.400382167968091,0.048010952204708
3,40,loss,0.04,71.14833333333334,0.0234128277223719,5366.107044182243,10.834210290519335,0.0876048242506878
3,40,naive,0.04,71.14833333333334,0.9598407780090972,7643.626045975843,9.297809292329548,0.038253016731148
3,50,loss,0.04,73.03666666666668,0.008498874497133,5401.332894246292,10.805794163808397,0.0650001010072107
3,50,naive,0.04,73.03666666666668,0.9990020465546048,8142.307332880077,9.023328699904702,0.0431543416732587
4,10,loss,0.04,16.858333333333334,2.3216063760883703,5565.023973196189,10.676133213248754,0.2573311744806318
4,10,naive,0.04,16.858333333333334,0.1263670396378481,8912.45516961051,8.63083002539797,0.0379055794914824
4,20,loss,0.04,57.64333333333334,0.3846097432076708,6231.857694773889,10.184628332573292,0.0684305936164433
4,20,naive,0.04,57.64333333333334,0.3505159643268065,7061.210871409668,9.642011796914783,0.033739736950399
4,30,loss,0.04,67.64333333333333,0.0568521109840591,5609.737789405734,10.641377989478556,0.087333091739568
4,30,naive,0.04,67.64333333333333,0.753926879385446,6993.609352111783,9.68378990967382,0.032525433390507
4,40,loss,0.04,71.14833333333334,0.0186431038609327,4665.972349377458,11.44138200038203,0.0622693753747947
4,40,naive,0.04,71.14833333333334,0.9855877199670552,6416.515010607531,10.057811462887114,0.0880643812072706
4,50,loss,0.04,73.03666666666668,0.0132789984973043,5622.697817909015,10.63135617131068,0.0495516050632082
4,50,naive,0.04,73.03666666666668,0.9923063284645433,9546.648807274396,8.33229414407352,0.0516856790708895
5,10,loss,0.04,16.858333333333334,2.395539657994721,3767.175431268542,12.370645158019247,0.3447693591109851
5,10,naive,0.04,16.858333333333334,0.1699657354460546,6324.401846763143,10.12060904053142,0.023175508945621
5,20,loss,0.04,57.64333333333334,0.1930418824722012,8708.130378627331,8.731554381682924,0.1230835943803879
5,20,naive,0.04,57.64333333333334,0.5755299239758475,7366.491335079991,9.458196785241954,0.0506473971273059
5,30,loss,0.04,67.64333333333333,0.0268930755872593,3761.1608887354378,12.377584495153007,0.0701814345386593
5,30,naive,0.04,67.64333333333333,0.9660125634323378,9899.381288193264,8.174723088481745,0.0659172093853395
5,40,loss,0.04,71.14833333333334,0.0183245819034105,8816.30899326112,8.677935579767373,0.0609040895278455
5,40,naive,0.04,71.14833333333334,0.9584346958867612,9331.256893982336,8.43140214939613,0.0906529990173277
5,50,loss,0.04,72.25,0.0088119379521095,3506.172488053982,12.68247083232389,0.0483582182188857
5,50,naive,0.04,72.25,0.998448310824465,10036.4737666148,8.114992070923979,0.0613374672306251
6,10,loss,0.04,16.858333333333334,2.199929851251513,3580.9530059840654,12.590817392069486,0.0282075626564386
6,10,naive,0.04,16.858333333333334,0.1771248249440448,9015.73995085457,8.580789843979229,0.034450348023991
6,20,loss,0.04,57.64333333333334,0.036400335976195,5270.149253469877,10.912574460271864,0.0951355125789336
6,20,naive,0.04,57.64333333333334,0.8768677163623578,8513.626306947119,8.829657773233093,0.0852144641194004
6,30,loss,0.04,67.64333333333333,0.0197848936563388,3400.402669950102,12.81550012360182,0.0916135506592199
6,30,naive,0.04,67.64333333333333,0.8257353905093369,5441.498581737803,10.773618405533906,0.0416874519532167
6,40,loss,0.04,71.14833333333334,0.0077318934158364,4949.805993317948,11.184921836884117,0.0703895947031057
6,40,naive,0.04,71.14833333333334,0.9986117382451232,6756.833247647462,9.833371597940776,0.0765667683238621
6,50,loss,0.04,74.05000000000001,0.0057674376906467,5004.268327626486,11.137397724597918,0.0621960166212893
6,50,naive,0.04,74.05000000000001,0.9990154530416786,5586.9181341048925,10.659080532390844,0.0801045557669155
2,10,loss,0.05,22.328333333333333,2.4496567254316384,5741.755816813947,10.540356418236223,0.1556851662756218
2,10,naive,0.05,22.328333333333333,0.0998047351898629,11140.768176641996,7.6616522358722,0.0116268314508109
2,20,loss,0.05,58.25333333333334,0.1242749427947384,6030.782088279911,10.327067245818924,0.094487495741075
2,20,naive,0.05,58.25333333333334,0.5272545214838041,6609.188310423151,9.929322348088633,0.0819577437634177
2,30,loss,0.05,66.75333333333333,0.0138673419194258,5159.673617123074,11.004581303192897,0.0574667581404967
2,30,naive,0.05,66.75333333333333,0.9379377587332122,7590.876137856382,9.327884558713976,0.0550095151453936
2,40,loss,0.05,69.23333333333333,0.0089603313169003,5027.10416015332,11.1176247708977,0.0480171199567962
2,40,naive,0.05,69.23333333333333,0.99864143225556,6923.0239357998025,9.727845277155522,0.0580305950112609
2,50,loss,0.05,72.23666666666666,0.0043927236240315,4919.289439681816,11.211779846678851,0.0515561266367434
2,50,naive,0.05,72.23666666666666,0.9990321519205916,7229.642134794158,9.539635604932542,0.0276690781498051
3,10,loss,0.05,22.328333333333333,2.0560398487581697,5941.775013800516,10.391641577144394,0.0194138612948213
3,10,naive,0.05,22.328333333333333,0.1479075441242435,7626.833508252052,9.307360949088052,0.0342605818683561
3,20,loss,0.05,58.25333333333334,0.1046781207435968,7066.331879592617,9.638863300771837,0.0199589950136988
3,20,naive,0.05,58.25333333333334,0.6706790571452136,7766.91273366209,9.228319352681488,0.0088094600658444
3,30,loss,0.05,66.75333333333333,0.0443755964577656,5914.717578718474,10.411463484943903,0.0476462690212436
3,30,naive,0.05,66.75333333333333,0.9338114786305876,7545.11096111724,9.35414729818386,0.0385631307034795
3,40,loss,0.05,69.23333333333333,0.0160202311316695,5478.175085109716,10.744444524676958,0.067267135692622
3,40,naive,0.05,69.23333333333333,0.9771988726996884,7634.596554174539,9.30294268909028,0.0339920580588251
3,50,loss,0.05,71.05833333333334,0.0060154425691853,5547.544067519877,10.689796000846936,0.0479929923983365
3,50,naive,0.05,71.05833333333334,0.9990066828978632,7973.681334131431,9.114214856480944,0.0334506579482057
4,10,loss,0.05,22.328333333333333,2.2922448137533618,5449.779171202433,10.767014561456286,0.0933070301789133
4,10,naive,0.05,22.328333333333333,0.1462318077277254,8948.78598522388,8.613162390357912,0.0378999426199326
4,20,loss,0.05,58.25333333333334,0.1522707488943497,6202.2779145999975,10.205291384582086,0.0598638547234522
4,20,naive,0.05,58.25333333333334,0.4651096033711266,7165.779303503847,9.57816932525737,0.0231321377366158
4,30,loss,0.05,66.75333333333333,0.0326472982171011,5787.37151736214,10.505989982967648,0.0610031379841675
4,30,naive,0.05,66.75333333333333,0.7525742333988295,6980.618107005666,9.69186481428596,0.0293392452923881
4,40,loss,0.05,69.23333333333333,0.011695349400968,4797.621869330057,11.320543453592398,0.045706424047086
4,40,naive,0.05,69.23333333333333,0.9958672769580548,6488.7373724963445,10.009201641454036,0.077695346785939
4,50,loss,0.05,71.69333333333333,0.0077839692240386,5193.796598110007,10.975954232850892,0.0454964500961724
4,50,naive,0.05,71.69333333333333,0.9955896332073364,9193.959684995843,8.49577765806701,0.0463779436373964
5,10,loss,0.05,22.328333333333333,2.403117215911639,3762.802905383128,12.375688901819174,0.337802505120028
5,10,naive,0.05,22.328333333333333,0.222760486535476,6300.909940077724,10.13677088649515,0.0219611464487946
5,20,loss,0.05,58.25333333333334,0.1288856365904813,8933.546546267507,8.62056456324181,0.0953696473081597
5,20,naive,0.05,58.25333333333334,0.6712346241587264,7344.829345265047,9.470986513162718,0.048545580559057
5,30,loss,0.05,66.75333333333333,0.0145767109189269,3629.9935062086265,12.53174512751986,0.0549261584702751
5,30,naive,0.05,66.75333333333333,0.9924562767082148,10076.253103061805,8.097812929625833,0.0577869582299094
5,40,loss,0.05,69.23333333333333,0.0115601416210204,3634.994774461903,12.525765699985737,0.0447407616653283
5,40,naive,0.05,69.23333333333333,0.9778464306389472,9369.09114808923,8.413828968225605,0.0890116362511633
5,50,loss,0.05,71.555,0.0050137832291911,3477.86812754702,12.717672502985224,0.0456425342330399
5,50,naive,0.05,71.555,0.9990003518377648,5717.3441217454665,10.558860280768608,0.0637085305359177
6,10,loss,0.05,22.328333333333333,1.7549312837426885,3704.16367293052,12.443901926096036,0.0245188771726592
6,10,naive,0.05,22.328333333333333,0.2274323359857079,5724.008294088786,10.553801064869532,0.037736440141568
6,20,loss,0.05,58.25333333333334,0.0194112336757303,5249.273756089724,10.92981138517192,0.0739242229766021
6,20,naive,0.05,58.25333333333334,0.939875560974937,8660.658320235249,8.755294556890146,0.0759844633864069
6,30,loss,0.05,66.75333333333333,0.0118476559035565,3409.6685935421588,12.803681915499876,0.0718064898428383
6,30,naive,0.05,66.75333333333333,0.3658627410473855,6070.224957255022,10.29875574918814,0.0258777663367792
6,40,loss,0.05,70.25166666666667,0.0075170269080463,5201.99960973127,10.96910045590056,0.0547492307727509
6,40,naive,0.05,70.25166666666667,0.9978523209767766,7331.936879951973,9.478616433674956,0.0412439636509918
6,50,loss,0.05,70.83833333333334,0.0050405146653244,5121.291226579547,11.037008878063572,0.056092545053764
6,50,naive,0.05,70.83833333333334,0.9990003270980456,7130.654720796772,9.599509532355372,0.0549429882198328
9,10,loss,0.06,26.62,0.6409504212758635,7782.577353262556,9.219569149148178,0.0225865376615487
9,10,naive,0.06,26.62,0.311048885674029,6614.208442728412,9.92602483549933,0.0340876616410133
9,20,loss,0.06,57.51500000000001,0.0790786340230845,6309.809919827901,10.130640843517082,0.0640279875510551
9,20,naive,0.06,57.51500000000001,0.714014442858136,7961.761801680282,9.120711805566948,0.0516361550052834
9,30,loss,0.06,65.68666666666667,0.0163706525072396,5801.1011462864935,10.495699231039616,0.058105875789539
9,30,naive,0.06,65.68666666666667,0.1636128796173638,5967.174038127332,10.373116562404883,0.0130682079150792
9,40,loss,0.06,67.95833333333333,0.0057790606208023,5844.160755891843,10.463582072612736,0.0469979026531896
9,40,naive,0.06,67.95833333333333,0.9760721629377748,7438.653822381095,9.41586012742658,0.0493262552044354
9,50,loss,0.06,68.48666666666666,0.0027681154687217,5977.38547058187,10.365690972797337,0.0361199710514665
9,50,naive,0.06,68.48666666666666,0.9990044107895614,5942.8909931052,10.39082596540556,0.0128940365055357
9,10,loss,0.07,28.94333333333333,0.3190204488468574,8051.193852744065,9.072200773676226,0.022040966525381
9,10,naive,0.07,28.94333333333333,0.4018522542332141,6574.194736480778,9.952377965457256,0.0356399987125793
9,20,loss,0.07,55.74,0.0512602401925341,6222.859099890661,10.19090393216679,0.0534345828684317
9,20,naive,0.07,55.74,0.822630342309468,8098.299313717805,9.046865365839787,0.0438710230942563
9,30,loss,0.07,63.998333333333335,0.0113683364136396,5905.835541694546,10.417990117588316,0.0460831596462738
9,30,naive,0.07,63.998333333333335,0.1655283789014579,5934.740138743554,10.39678653378562,0.0165039349452723
9,40,loss,0.07,66.71333333333334,0.0180715599367431,5948.362247228335,10.386829522651515,0.0567508554198787
9,40,naive,0.07,66.71333333333334,0.8990103775966058,8209.937070654723,8.987405326123119,0.0283687171699372
9,50,loss,0.07,68.37,0.0039629493744628,5811.104192749749,10.488216984853064,0.0478384465159416
9,50,naive,0.07,68.37,0.9963512184471986,8705.346162216754,8.732943156441378,0.0162949210310245
9,10,loss,0.08,30.091666666666665,0.1689670534670212,7914.922872771405,9.146336736459077,0.0192202138127526
9,10,naive,0.08,30.091666666666665,0.5054281360092544,6486.284794095282,10.010843474916864,0.0351356079554177
9,20,loss,0.08,53.43666666666667,0.0368714433986726,6167.8526201122295,10.229463731007405,0.0446928711012187
9,20,naive,0.08,53.43666666666667,0.8889655095572924,8052.011300237393,9.071759851595772,0.0487858939512089
9,30,loss,0.08,62.22333333333333,0.0085225237013785,5981.308565075388,10.362841533976408,0.0380743198965325
9,30,naive,0.08,62.22333333333333,0.1661342994623378,5906.563641981164,10.417454731114772,0.0185564361175904
9,40,loss,0.08,64.88333333333334,0.0030882259513623,6017.460179567845,10.336671358470866,0.0319033945923745
9,40,naive,0.08,64.88333333333334,0.9990028680106684,8093.092839081039,9.049658384823594,0.0410122479828476
9,50,loss,0.08,63.73833333333333,0.0042084341193729,5930.726945988986,10.399724315370008,0.038237630378911
9,50,naive,0.08,63.73833333333333,0.9860677591679468,7775.363755710682,9.223596450465244,0.0587837063389217
9,10,loss,0.09,30.445,0.1055447077371777,7620.486323979329,9.310976728510042,0.0162970346594528
9,10,naive,0.09,30.445,0.6477911747812106,6643.655735442472,9.906732410125954,0.0283025117409726
9,20,loss,0.09,51.13,2.0961775600787447,4430.028858093994,11.666738055545114,0.1000733753898422
9,20,naive,0.09,51.13,0.9384960802939508,8052.00716293151,9.071762083099811,0.0487146203021808
9,30,loss,0.09,60.36,0.0183762258482805,6884.507582017468,9.752074783026288,0.0364283856098848
9,30,naive,0.09,60.36,0.9234276456554414,8050.877923015677,9.07237119465017,0.0596155270185849
9,40,loss,0.09,60.64666666666667,2.203916312517565,4462.300408629147,11.635215565923726,0.2165629258782264
9,40,naive,0.09,60.64666666666667,0.9983064022749032,8462.430233476754,8.85585259599048,0.0326154396352305
9,50,loss,0.09,62.16166666666667,2.5287254536433474,4516.2611146684885,11.583013174773832,0.3409738271119653
9,50,naive,0.09,62.16166666666667,0.9990058004048548,7449.022181111957,9.409810933838322,0.0533243074885828
9,10,loss,0.1,30.606666666666666,0.0655992032056758,7328.732481489433,9.480514918059198,0.0141999197776681
9,10,naive,0.1,30.606666666666666,0.7624169536815162,6660.773940739918,9.89555666432672,0.0274808701788979
9,20,loss,0.1,48.53333333333333,2.1206478165823763,4459.669237360674,11.637777115091252,0.1678357316405296
9,20,naive,0.1,48.53333333333333,0.9598734900459482,8181.8883333887825,9.00226812926773,0.0360055792092875
9,30,loss,0.1,57.528333333333336,0.0030462935707026,6875.034636761769,9.758054703631936,0.0212272956947548
9,30,naive,0.1,57.528333333333336,0.999000043518791,7622.427962570924,9.309870322064544,0.0404105309965628
9,40,loss,0.1,58.64,0.0021395799550803,6193.383105442332,10.21152415779449,0.0223918451516234
9,40,naive,0.1,58.64,0.9990032391139344,8719.720126034046,8.725778151176437,0.0155141381977969
9,50,loss,0.1,60.095,0.0016559078103884,4341.040875887722,11.75486485628404,0.0286350397855878
9,50,naive,0.1,60.095,0.2345616678006966,7879.5572890265,9.165785434207413,0.0076846890407429
0,10,loss,0.0,22.82166666666667,2.1140856238086707,4107.125183827719,11.995424206592409,0.0831636748948639
0,10,naive,0.0,22.82166666666667,0.144803295664179,6068.526671006035,10.29997095874844,0.1453701130315401
0,20,loss,0.0,48.88333333333333,0.2253364224120202,3877.957933448154,12.244772671542153,0.3253674845255718
0,20,naive,0.0,48.88333333333333,0.4550350317239943,5687.071701092588,10.581916571115125,0.1473306542359279
0,30,loss,0.0,68.39,0.0760863198855407,3561.195805381122,12.61484507705113,0.3008293468786977
0,30,naive,0.0,68.39,0.7582458270774345,9933.406880125827,8.15982135989717,0.1230809846167585
0,40,loss,0.0,76.30833333333334,0.0430016105289562,3546.1516999710198,12.63323050626386,0.2608070429302963
0,40,naive,0.0,76.30833333333334,0.8604742264392535,8623.506790620067,8.773964511789332,0.1152457634506238
0,50,loss,0.0,78.62833333333333,0.0266400770156638,3530.6124269529614,12.652303153733596,0.235456041353018
0,50,naive,0.0,78.62833333333333,0.9413581229408696,10098.462358598008,8.088251098589192,0.118805617763623
0,10,loss,0.0,22.0,2.1140856238086707,4107.1251838277185,11.995424206592409,0.08316367489486393
0,10,naive,0.0,22.0,0.14480329566417907,6068.526671006035,10.29997095874844,0.1453701130315401
0,20,loss,0.0,50.0,0.22533642241202023,3877.957933448154,12.244772671542151,0.32536748452557185
0,20,naive,0.0,50.0,0.4550350317239943,5687.071701092588,10.581916571115125,0.14733065423592798
0,30,loss,0.0,84.0,0.07608631988554078,3561.195805381122,12.61484507705113,0.3008293468786977
0,30,naive,0.0,84.0,0.7582458270774345,9933.406880125829,8.15982135989717,0.12308098461675854
0,40,loss,0.0,92.0,0.04300161052895623,3546.1516999710193,12.63323050626386,0.26080704293029633
0,40,naive,0.0,92.0,0.8604742264392535,8623.506790620067,8.773964511789332,0.11524576345062383
0,50,loss,0.0,92.0,0.026640077015663836,3530.6124269529614,12.652303153733595,0.23545604135301806
0,50,naive,0.0,92.0,0.9413581229408695,10098.462358598008,8.088251098589192,0.11880561776362306
0,10,loss,0.01,34.0,1.938066064359922,4522.364771085076,11.577147715272373,0.052479416594829346
0,10,naive,0.01,34.0,0.1602682305961226,6275.382334127282,10.15440170070473,0.09503577834936613
0,20,loss,0.01,48.0,0.1607892088301263,4347.660393406422,11.748247479536158,0.24184873161784318
0,20,naive,0.01,48.0,0.5298309502722816,7861.002918215376,9.17602403370392,0.10636151483137078
0,30,loss,0.01,86.0,0.05374183731243958,3928.209283592136,12.188857431868126,0.22164705682954092
0,30,naive,0.01,86.0,0.8397856931368738,10029.078118711268,8.118193467265733,0.1117248639190205
0,40,loss,0.01,90.0,0.03136763736047463,3706.8935954806357,12.440702408644684,0.21884170412216725
0,40,naive,0.01,90.0,0.9100284857448426,6000.473495442908,10.348948390935176,0.10256943187008327
0,50,loss,0.01,92.0,0.01922923070682021,3746.5184812646808,12.394524815898766,0.18373712713418636
0,50,naive,0.01,92.0,0.968296074891042,10378.04228681665,7.969649249104557,0.0982075968105301
0,10,loss,0.02,32.0,1.3679835009050993,10454.09977483766,7.937937201420837,0.052737435664288713
0,10,naive,0.02,32.0,0.2153043505600079,6737.022630276039,9.846123546778413,0.0571626595721204
0,20,loss,0.02,62.0,0.10760518194254753,4676.108883843721,11.431957456531416,0.17877355633800662
0,20,naive,0.02,62.0,0.6263239146288708,6254.550783412117,10.168842377723044,0.0741457327503907
0,30,loss,0.02,84.0,0.031643411141079394,4288.807782804158,11.807437785454017,0.13444181043741682
0,30,naive,0.02,84.0,0.9382620551948896,6292.963129906716,10.142251736182743,0.09267115236969911
0,40,loss,0.02,90.0,0.020260141168055797,4036.5309466842705,12.070720744503841,0.14317357338102316
0,40,naive,0.02,90.0,0.9689227126667782,9124.497159716897,8.528714205369292,0.08619610376452885
0,50,loss,0.02,92.0,0.010836545643216311,4070.195948111023,12.034650432557385,0.11519868619291145
0,50,naive,0.02,92.0,0.9920608401171018,7943.7114059730675,9.130569029573829,0.08524517395216236
